,PLAYER,TEAM,AGE,GP,W,L,MIN,USG%,%FGM,%FGA,%3PM,%3PA,%FTM,%FTA,%OREB,%DREB,%REB,%AST,%TOV,%STL,%BLK,%BLKA,%PF,%PFD,%PTS
0,Domantas Sabonis,IND,25,31,13,18,1057.0,21.2,24.3,19.2,8.7,9.8,35.1,36.1,45.3,34.3,36.8,24.4,28.9,21.1,9.8,24.0,24.2,37.2,24.1
1,Gordon Hayward,CHA,31,31,16,15,1052.0,21.3,21.0,20.8,18.5,17.9,31.2,27.4,11.7,17.5,16.1,20.8,22.3,12.3,15.8,16.5,12.8,27.2,22.1
2,Jonas Valanciunas,NOP,29,31,10,21,980.0,24.2,28.6,23.9,14.3,11.0,31.5,31.0,46.6,36.5,39.0,15.0,23.4,12.2,40.0,21.1,24.9,32.3,27.5
3,Kelly Oubre Jr.,CHA,26,31,16,15,903.0,22.1,24.2,24.4,33.8,33.9,13.8,16.3,17.5,14.7,15.4,8.7,14.4,22.2,9.3,22.6,21.8,16.4,23.9
4,Miles Bridges,CHA,23,31,16,15,1135.0,21.9,22.0,22.3,17.8,21.1,27.6,27.1,16.6,23.9,22.2,19.0,19.5,17.2,22.8,22.1,18.2,24.0,22.1
5,Nickeil Alexander-Walker,NOP,23,31,10,21,877.0,23.9,21.9,26.0,29.2,32.3,15.5,16.3,13.4,14.2,13.9,18.1,17.7,22.6,15.7,29.4,16.2,15.1,21.8
6,Pat Connaughton,MIL,28,31,19,12,910.0,14.4,18.2,16.3,30.0,25.5,8.4,8.1,12.9,18.7,17.3,10.0,9.5,20.9,13.3,6.6,14.4,10.2,18.3
7,Buddy Hield,SAC,29,30,12,18,857.0,22.7,21.9,25.2,48.2,43.4,15.2,13.3,10.1,16.6,14.8,15.6,19.8,20.0,10.4,19.4,16.6,12.0,23.7
8,Carmelo Anthony,LAL,37,30,16,14,828.0,18.6,19.2,21.3,32.6,30.2,19.8,18.2,15.3,15.9,15.8,7.0,8.9,17.5,19.8,9.5,19.0,17.2,20.8
9,Deni Avdija,WAS,20,30,15,15,642.0,13.9,14.1,15.2,21.1,20.6,10.8,11.5,19.7,24.6,23.6,12.6,10.8,21.1,31.4,15.1,26.2,11.0,14.1
10,Desmond Bane,MEM,23,30,19,11,863.0,21.7,25.6,24.8,37.5,32.2,12.0,10.4,6.9,18.4,15.5,15.8,16.5,15.1,12.0,18.6,21.3,9.0,24.8
11,Dewayne Dedmon,MIA,32,30,18,12,516.0,15.1,18.0,14.8,6.4,4.3,18.7,19.9,44.5,36.6,38.7,9.7,17.0,18.6,41.9,25.8,33.3,19.1,16.6
12,Duncan Robinson,MIA,27,30,18,12,849.0,17.5,17.2,20.3,36.6,38.1,7.4,8.0,6.3,15.8,13.5,9.7,9.4,18.0,17.4,17.0,24.3,8.0,18.2
13,Franz Wagner,ORL,20,30,5,25,966.0,19.7,22.1,21.3,17.2,15.6,19.5,18.6,18.7,13.6,14.8,18.9,13.6,25.2,13.4,28.2,18.6,16.4,21.2
14,Grayson Allen,MIL,26,30,18,12,875.0,16.5,18.0,18.8,33.3,29.6,12.2,10.5,7.5,13.7,12.4,8.7,9.4,16.1,12.8,16.8,14.7,9.9,19.3
15,Jusuf Nurkic,POR,27,30,12,18,752.0,21.4,24.3,19.4,2.6,4.1,34.4,35.3,54.5,40.4,43.1,19.6,29.0,28.8,19.5,27.6,33.6,34.2,23.4
16,Kentavious Caldwell-Pope,WAS,28,30,15,15,871.0,16.8,16.4,18.2,33.1,28.0,13.6,12.1,11.4,14.4,13.8,11.3,14.1,33.9,12.1,15.9,16.6,14.2,17.6
17,Larry Nance Jr.,POR,28,30,12,18,650.0,12.8,14.9,12.9,6.9,9.3,10.9,14.8,30.8,26.2,27.3,16.3,13.1,25.0,16.4,9.7,17.3,16.8,13.3
18,Montrezl Harrell,WAS,27,30,15,15,779.0,20.1,25.5,19.1,1.3,1.8,37.3,38.3,48.9,28.2,32.2,16.9,16.8,15.7,37.0,26.0,19.9,33.4,25.1
19,Myles Turner,IND,25,30,13,17,887.0,16.7,18.5,16.9,24.6,21.7,20.2,21.9,24.9,27.7,27.1,6.8,15.4,13.0,68.5,11.1,21.7,21.2,19.4
20,P.J. Tucker,MIA,36,30,18,12,856.0,11.1,13.4,11.9,15.9,12.7,5.1,5.4,26.5,20.7,22.1,14.3,10.6,16.7,21.7,9.0,19.2,12.1,12.5
21,Ricky Rubio,CLE,31,30,18,12,850.0,22.9,18.1,22.7,22.4,23.8,24.1,22.9,6.4,16.8,14.4,43.4,29.8,27.7,5.5,25.0,22.3,24.4,19.6
22,Robert Covington,POR,31,30,12,18,822.0,11.7,10.8,12.7,19.7,20.7,1.1,0.8,12.6,21.9,20.1,9.2,14.1,27.8,40.0,10.0,22.7,4.7,10.4
23,Russell Westbrook,LAL,33,30,16,14,1078.0,26.5,24.0,24.5,15.4,16.1,31.4,33.3,17.6,23.9,22.6,48.0,39.2,18.3,5.3,38.5,20.5,28.3,24.2
24,Steven Adams,MEM,28,30,19,11,754.0,13.0,11.6,10.2,0.0,0.0,22.5,29.1,57.3,26.0,34.3,21.4,22.4,17.9,23.4,18.8,19.3,29.5,12.0
25,Tyus Jones,MEM,25,30,19,11,634.0,14.8,17.0,16.1,18.5,15.5,12.1,10.2,5.2,15.9,13.2,36.3,13.6,20.5,2.5,12.8,5.2,12.9,16.5
26,Wendell Carter Jr.,ORL,22,30,5,25,865.0,18.2,21.8,19.1,18.3,17.9,16.5,18.0,37.7,36.7,36.9,18.8,15.4,15.5,20.9,17.4,23.0,21.0,20.6
27,Aaron Gordon,DEN,26,29,15,14,945.0,18.0,18.5,17.8,12.6,13.3,25.3,25.4,34.2,15.5,19.0,12.1,17.8,13.1,29.6,24.2,16.6,22.9,18.7
28,Aaron Holiday,WAS,25,29,14,15,478.0,17.7,19.1,18.3,17.0,14.6,11.6,11.2,4.8,13.0,11.4,23.9,22.7,26.7,15.1,15.0,23.4,15.4,17.7
29,Andre Drummond,PHI,28,29,14,15,571.0,16.4,15.3,13.7,0.0,0.3,17.9,25.8,68.8,47.7,52.8,20.8,32.2,28.0,44.9,26.2,30.6,26.2,14.0
30,Andrew Wiggins,GSW,26,29,24,5,901.0,23.6,26.5,25.3,23.9,20.8,24.0,25.2,18.0,13.8,14.7,9.8,15.6,13.6,19.6,25.4,13.9,27.6,25.8
31,Chris Duarte,IND,24,29,13,16,843.0,20.7,19.8,22.2,28.7,26.2,12.7,13.3,9.5,16.7,15.1,14.0,18.7,22.0,3.8,22.6,14.9,15.6,19.7
32,Clint Capela,ATL,27,29,14,15,864.0,15.1,18.9,15.9,0.0,0.2,13.0,20.5,57.2,40.3,44.4,8.9,8.5,19.7,51.7,18.1,21.4,17.1,16.1
33,Cody Martin,CHA,26,29,16,13,799.0,12.6,13.9,13.2,15.5,11.8,14.5,14.5,23.0,17.0,18.5,17.3,9.9,30.1,18.8,16.1,15.3,16.7,14.1
34,Davion Mitchell,SAC,23,29,12,17,744.0,18.3,18.9,20.7,19.6,20.2,8.0,8.7,9.7,10.9,10.6,31.9,14.0,17.1,9.1,16.9,19.7,9.9,17.3
35,De'Aaron Fox,SAC,23,29,12,17,993.0,27.5,26.9,27.5,14.0,17.7,32.8,33.9,7.0,13.1,11.7,31.5,26.2,28.0,13.3,23.9,19.6,32.3,26.7
36,Eric Bledsoe,LAC,32,29,16,13,766.0,17.8,16.8,17.4,13.5,15.2,19.1,19.9,12.5,16.9,15.9,28.2,23.0,29.2,18.6,16.7,14.9,23.4,16.7
37,Evan Fournier,NYK,29,29,13,16,815.0,19.4,20.3,21.2,30.7,29.8,12.6,12.6,7.4,11.3,10.5,13.0,16.2,24.0,6.8,10.8,17.2,10.1,20.6
38,Garrett Temple,NOP,35,29,10,19,532.0,13.5,13.1,14.0,25.0,22.4,13.3,12.8,14.5,16.9,16.2,12.0,14.1,32.9,34.1,11.3,22.0,14.2,14.5
39,Immanuel Quickley,NYK,22,29,13,16,633.0,20.6,19.3,22.4,29.6,32.6,19.5,17.2,7.9,12.7,11.5,26.5,17.8,17.8,2.6,14.9,22.3,16.5,20.6
40,Ivica Zubac,LAC,24,29,16,13,718.0,14.5,17.9,12.2,0.0,0.0,34.4,35.8,58.7,29.6,35.2,9.7,16.9,16.3,52.4,35.8,28.7,28.1,18.0
41,Jae'Sean Tate,HOU,26,29,9,20,816.0,19.1,21.8,19.5,11.4,12.5,21.5,21.1,33.3,19.3,22.3,23.8,18.6,22.9,22.1,23.4,27.8,19.9,20.5
42,Jaren Jackson Jr.,MEM,22,29,18,11,787.0,25.1,24.2,25.8,28.5,30.4,32.0,30.3,16.1,21.4,20.1,6.9,21.7,15.4,50.5,31.8,30.3,25.0,25.9
43,Jayson Tatum,BOS,23,29,14,15,1059.0,31.7,31.2,33.1,31.4,31.8,35.3,35.1,14.4,28.3,25.2,21.5,27.5,17.4,16.7,37.1,16.8,30.7,31.9
44,Jeff Green,DEN,35,29,15,14,732.0,16.3,16.2,15.9,13.6,13.7,27.2,26.0,11.2,14.9,14.3,9.0,15.2,7.7,25.9,14.6,26.4,21.1,17.4
45,John Collins,ATL,24,29,14,15,939.0,19.0,22.3,19.5,14.8,14.7,26.2,25.8,25.2,25.8,25.7,12.2,13.4,18.2,36.8,23.0,25.0,28.3,22.1
46,Julius Randle,NYK,27,29,13,16,1022.0,27.0,25.6,25.9,18.9,19.6,33.5,32.8,24.2,32.4,30.5,33.6,34.3,16.2,16.8,25.3,22.0,32.5,25.9
47,Kevon Looney,GSW,25,29,24,5,540.0,13.4,15.1,13.4,0.0,0.2,17.3,22.0,54.3,28.1,34.2,11.0,10.1,14.9,31.8,27.3,32.1,17.3,13.5
48,Luke Kennard,LAC,25,29,16,13,831.0,15.3,16.9,17.6,35.7,28.7,8.0,6.5,3.8,15.6,13.1,14.6,9.8,15.4,2.4,8.1,13.3,7.3,18.0
49,Malik Beasley,MIN,25,29,14,15,750.0,18.6,19.3,22.0,31.7,32.8,7.1,7.5,5.2,17.0,13.7,13.1,8.6,13.2,6.5,16.1,9.9,5.0,19.3
50,Monte Morris,DEN,26,29,15,14,875.0,18.6,20.3,20.5,22.5,21.5,6.2,6.4,4.6,11.0,9.8,24.2,15.6,18.9,7.7,16.1,15.0,8.3,18.9
51,Nemanja Bjelica,GSW,33,29,24,5,414.0,19.6,20.2,19.6,21.2,18.9,16.0,18.6,30.5,28.1,28.6,19.3,23.7,20.9,31.3,24.2,26.1,19.5,19.7
52,Patty Mills,BKN,33,29,21,8,864.0,17.0,17.7,19.2,41.5,35.9,6.4,6.2,5.2,7.2,6.8,14.1,13.0,14.5,7.1,9.4,10.6,10.4,18.5
53,R.J. Hampton,ORL,20,29,5,24,536.0,20.2,19.5,19.3,21.0,16.0,20.7,26.8,9.3,19.3,17.2,29.2,24.3,17.3,9.8,22.9,18.6,24.0,19.9
54,Raul Neto,WAS,29,29,14,15,578.0,19.0,18.4,19.5,10.3,14.4,16.7,17.4,3.7,12.6,10.8,25.7,22.6,26.4,2.0,21.6,19.8,24.3,17.4
55,Reggie Jackson,LAC,31,29,16,13,958.0,25.7,24.2,28.0,29.5,32.5,15.1,15.4,10.8,11.8,11.6,27.4,21.8,12.2,5.5,16.9,16.0,17.8,23.6
56,Trae Young,ATL,23,29,14,15,990.0,33.9,30.8,32.1,30.1,30.7,46.4,42.3,11.0,13.0,12.5,52.6,48.6,20.8,3.0,42.9,13.1,38.0,33.0
57,Trey Murphy III,NOP,21,29,9,20,388.0,13.1,14.7,15.6,33.3,28.1,6.1,6.1,14.5,16.2,15.7,9.6,7.2,14.3,14.3,15.6,19.6,9.4,15.1
58,Alec Burks,NYK,30,28,13,15,733.0,18.1,17.1,19.2,27.3,25.2,23.6,23.3,7.7,19.0,16.2,18.5,11.3,27.8,9.3,11.4,19.7,24.6,19.5
59,Alperen Sengun,HOU,19,28,9,19,516.0,21.5,20.7,19.4,7.0,8.5,36.7,36.7,37.1,27.0,29.6,29.9,26.2,36.1,43.1,29.2,35.1,38.8,21.7
60,Anthony Edwards,MIN,20,28,13,15,1006.0,27.0,27.3,27.4,29.5,28.1,24.0,23.8,11.8,19.3,17.1,21.5,28.8,24.7,16.7,20.0,13.7,16.9,27.1
61,Bojan Bogdanovic,UTA,32,28,20,8,832.0,21.3,21.4,22.3,27.0,24.2,27.5,24.3,12.7,14.1,13.8,12.2,16.5,9.2,1.1,33.8,12.7,18.6,23.0
62,Cameron Johnson,PHX,25,28,23,5,683.0,16.1,17.2,18.6,37.9,32.4,12.0,11.7,6.9,18.4,15.9,10.1,9.5,17.7,11.7,14.1,14.9,12.4,18.5
63,Chris Paul,PHX,36,28,23,5,906.0,20.3,18.4,18.8,12.6,14.0,30.1,28.9,4.9,15.9,14.0,55.2,28.8,33.3,12.7,10.8,17.7,28.9,19.3
64,Darius Garland,CLE,21,28,17,11,959.0,25.1,24.5,25.0,30.0,28.3,19.4,17.3,6.3,10.1,9.3,39.9,35.0,24.3,3.0,14.4,16.3,14.2,24.4
65,Dejounte Murray,SAS,25,28,11,17,963.0,24.7,23.2,25.2,17.0,19.0,19.3,19.2,15.0,29.0,25.8,40.5,27.5,33.3,11.1,22.0,16.5,21.0,22.2
66,Derrick White,SAS,27,28,11,17,875.0,19.8,18.9,20.4,25.0,28.5,29.6,24.3,7.0,14.7,12.9,29.0,16.7,21.8,25.0,10.4,21.0,28.6,20.8
67,Devonte' Graham,NOP,26,28,9,19,876.0,19.7,17.8,21.2,40.1,37.8,12.4,12.5,6.6,9.1,8.5,27.6,18.1,24.1,5.6,10.3,11.2,12.8,19.3
68,Dorian Finney-Smith,DAL,28,28,14,14,899.0,13.0,13.3,13.7,21.5,19.0,6.8,8.4,25.3,13.8,16.5,11.7,11.8,29.6,19.7,12.0,18.1,7.4,13.5
69,Draymond Green,GSW,31,28,23,5,849.0,14.1,12.6,10.9,3.1,4.1,13.6,16.9,19.2,29.1,27.0,39.2,28.9,22.4,30.8,9.2,21.0,18.6,11.5
70,Dwight Powell,DAL,30,28,14,14,536.0,11.3,14.3,10.6,5.6,4.8,19.9,21.1,44.2,19.5,25.7,12.8,13.1,15.0,33.3,18.4,31.6,25.1,14.0
71,Facundo Campazzo,DEN,30,28,14,14,567.0,14.3,13.4,14.5,19.9,19.5,17.1,15.2,11.6,11.7,11.7,32.2,17.1,31.2,17.0,7.3,21.0,22.4,14.7
72,Gary Payton II,GSW,29,28,23,5,393.0,14.0,20.9,14.9,12.4,11.0,14.1,17.4,32.5,17.5,20.8,8.1,10.2,35.5,17.1,7.7,26.4,15.5,18.8
73,Georges Niang,PHI,28,28,15,13,662.0,18.2,19.4,20.1,32.0,30.8,11.9,11.2,5.6,13.9,12.3,12.6,13.3,14.5,9.3,18.8,23.7,12.5,19.7
74,Grant Williams,BOS,23,28,14,14,618.0,11.7,13.9,12.4,25.1,20.4,12.8,12.7,13.6,17.6,16.8,9.3,9.4,12.1,25.0,4.9,22.8,14.2,15.1
75,Herbert Jones,NOP,23,28,10,18,766.0,12.4,12.9,12.4,6.4,6.6,10.7,11.2,17.9,11.5,13.1,13.2,14.5,28.6,37.3,21.8,26.6,11.4,11.9
76,Isaiah Hartenstein,LAC,23,28,16,12,457.0,16.9,22.3,16.3,1.7,0.9,25.4,29.7,57.3,23.4,30.4,20.2,19.0,27.6,64.8,8.3,37.8,30.0,20.4
77,JaVale McGee,PHX,33,28,23,5,448.0,23.5,31.9,22.7,0.9,1.3,28.1,31.3,57.5,39.0,43.9,7.5,28.7,12.7,45.8,13.0,34.6,31.9,28.1
78,Jae Crowder,PHX,31,28,23,5,789.0,14.8,13.0,15.7,29.7,31.7,11.2,11.5,8.5,20.7,18.4,8.6,13.9,22.9,22.4,7.1,22.1,13.7,14.4
79,Jarred Vanderbilt,MIN,22,28,13,15,682.0,10.1,12.2,9.7,0.9,1.5,12.5,12.9,44.8,32.5,36.3,10.1,12.8,31.9,25.3,23.5,24.4,17.2,10.7
80,Joe Ingles,UTA,34,28,20,8,689.0,12.7,12.9,13.7,23.6,21.5,4.6,4.7,8.1,13.3,12.2,29.1,14.0,14.7,5.4,5.7,16.8,5.8,13.3
81,John Konchar,MEM,25,28,19,9,442.0,9.8,12.6,10.0,15.3,10.5,6.2,8.5,21.7,23.5,23.0,15.1,10.9,20.4,10.6,5.8,18.3,9.0,12.0
82,Jordan Clarkson,UTA,29,28,20,8,701.0,26.5,25.5,30.5,31.9,36.9,17.6,16.0,11.8,12.2,12.1,18.5,15.8,19.2,7.0,21.2,16.4,15.1,25.2
83,Jordan Poole,GSW,22,28,23,5,860.0,24.6,23.9,25.5,29.0,31.7,28.0,23.1,4.8,13.2,11.5,19.1,24.6,17.9,6.9,30.8,21.9,20.7,25.2
84,Juan Toscano-Anderson,GSW,28,28,24,4,438.0,14.0,14.0,13.0,6.5,8.8,12.9,15.4,19.8,18.7,18.9,24.3,23.3,22.2,22.2,21.2,22.0,14.4,12.8
85,Karl-Anthony Towns,MIN,26,28,14,14,963.0,27.3,30.3,26.3,22.4,19.0,40.8,38.5,30.3,26.2,27.4,20.2,30.9,17.3,30.8,35.8,23.2,38.8,30.7
86,Kenyon Martin Jr.,HOU,20,28,9,19,480.0,16.4,21.4,19.1,10.1,11.5,14.1,15.9,22.3,21.9,22.0,13.9,7.4,13.9,22.2,26.3,15.6,12.9,18.9
87,Kevin Huerter,ATL,23,28,13,15,774.0,16.2,17.0,17.3,23.8,23.3,5.0,4.7,6.5,13.7,12.2,19.1,18.6,11.5,9.1,7.6,18.3,5.1,16.1
88,Kyle Kuzma,WAS,26,28,15,13,913.0,19.3,17.9,19.8,28.0,26.9,14.7,17.2,16.1,29.9,27.2,18.1,19.9,14.2,18.4,17.2,15.6,13.7,18.4
89,Kyle Lowry,MIA,35,28,17,11,962.0,19.1,17.1,18.3,22.8,25.1,17.4,15.8,7.0,16.1,14.1,43.8,28.5,18.3,18.0,8.4,18.0,24.3,17.8
90,Malik Monk,LAL,23,28,15,13,666.0,17.0,18.0,18.8,27.9,27.8,8.7,7.9,8.3,13.1,12.1,19.6,17.4,18.0,8.5,18.9,14.6,7.3,17.7
91,Marcus Smart,BOS,27,28,14,14,958.0,16.3,13.6,16.2,15.4,18.8,15.7,16.5,7.8,13.5,12.2,34.4,20.5,38.4,6.9,13.0,18.8,22.0,14.1
92,Mikal Bridges,PHX,25,28,23,5,963.0,13.1,15.6,14.5,15.8,15.3,10.7,10.0,15.5,11.9,12.6,9.2,8.5,21.7,18.7,9.6,17.0,13.4,14.9
93,Rudy Gobert,UTA,29,28,20,8,882.0,16.4,20.1,13.4,0.0,0.1,39.7,44.4,50.0,48.1,48.5,6.6,18.3,18.3,66.7,29.9,23.1,43.4,20.0
94,Stephen Curry,GSW,33,28,23,5,962.0,30.4,28.8,32.1,45.6,43.2,37.7,30.4,9.3,18.3,16.2,28.3,28.9,23.7,12.7,27.8,13.7,27.1,32.4
95,Svi Mykhailiuk,TOR,24,28,13,15,501.0,16.0,17.0,16.9,25.9,25.1,13.3,12.2,11.5,17.3,15.5,14.3,17.1,21.1,6.0,16.7,19.2,10.4,17.4
96,Terance Mann,LAC,25,28,15,13,789.0,14.6,16.0,15.1,13.4,13.4,17.6,17.2,28.0,19.2,21.1,17.0,13.4,13.3,2.6,20.3,20.9,17.5,15.9
97,Terrence Ross,ORL,30,28,5,23,715.0,19.5,19.3,20.2,22.4,23.6,26.4,23.8,6.6,12.1,10.8,19.0,18.4,18.5,9.2,14.1,11.8,19.4,20.8
98,Tim Hardaway Jr.,DAL,29,28,14,14,878.0,20.9,20.0,23.2,28.9,29.8,19.2,19.1,6.3,16.4,14.1,15.4,9.1,21.8,4.6,19.7,15.0,16.3,21.0
99,Torrey Craig,IND,30,28,12,16,412.0,14.0,16.2,15.0,15.2,18.1,12.4,12.6,34.4,19.2,22.9,11.2,12.6,20.0,11.1,4.9,21.1,13.8,15.5
100,Tyrese Haliburton,SAC,21,28,12,16,930.0,15.7,16.5,16.5,22.4,18.2,6.9,6.9,12.9,13.4,13.3,37.7,20.7,31.8,23.3,14.3,9.8,11.3,15.6
101,Tyrese Maxey,PHI,21,28,14,14,969.0,21.0,23.0,22.1,15.3,14.8,23.7,22.3,6.9,12.9,11.7,29.6,17.0,13.5,16.8,24.2,17.5,20.1,22.3
102,Anthony Davis,LAL,28,27,13,14,955.0,26.7,31.0,27.5,4.6,8.7,38.6,37.7,38.7,27.8,30.1,15.7,19.5,18.6,46.2,23.1,16.4,35.1,29.4
103,Bradley Beal,WAS,28,27,12,15,968.0,30.2,29.8,30.7,21.7,24.8,32.1,31.1,15.1,13.8,14.1,32.9,32.5,17.8,7.8,20.0,16.5,27.7,29.4
104,Bryn Forbes,SAS,28,27,10,17,382.0,21.7,22.9,22.5,49.3,35.1,24.5,20.6,3.8,10.7,9.1,9.4,23.2,15.2,3.0,20.0,15.2,15.8,25.3
105,Christian Wood,HOU,26,27,9,18,858.0,22.7,24.9,24.1,19.6,19.3,23.4,27.5,30.9,39.0,37.3,15.2,15.3,13.4,31.5,24.1,19.2,29.7,24.0
106,Dalano Banton,TOR,22,27,13,14,342.0,16.1,15.6,15.0,8.3,8.7,18.0,17.0,19.8,19.8,19.8,33.1,27.6,16.7,17.2,22.6,27.3,17.4,15.2
107,Daniel Gafford,WAS,23,27,13,14,573.0,15.7,22.3,15.3,0.0,0.0,20.5,22.5,54.2,26.6,32.3,9.9,18.2,17.3,58.8,34.7,30.1,26.4,20.0
108,Darius Bazley,OKC,21,27,8,19,740.0,16.7,15.1,17.1,15.2,16.8,13.1,16.4,18.5,26.1,24.7,10.8,17.3,22.0,39.7,33.3,10.2,15.1,14.8
109,De'Anthony Melton,MEM,23,27,18,9,654.0,18.9,17.8,19.6,26.3,27.0,12.0,12.2,12.2,17.5,16.0,20.6,21.7,29.4,20.2,13.3,17.7,13.1,18.0
110,Delon Wright,ATL,29,27,14,13,388.0,10.6,9.1,10.4,8.4,9.2,10.6,10.9,24.3,18.8,19.9,31.3,15.2,29.8,15.6,8.6,11.2,15.1,9.3
111,Dennis Schroder,BOS,28,27,13,14,894.0,23.9,23.3,23.6,19.9,19.9,26.2,23.9,9.6,12.7,12.0,31.9,29.9,16.7,2.0,34.4,18.9,26.8,23.4
112,Donovan Mitchell,UTA,25,27,19,8,873.0,32.5,31.7,34.2,31.2,34.0,26.6,24.0,13.1,12.1,12.3,32.6,33.6,30.7,5.8,27.5,19.2,25.3,30.9
113,Drew Eubanks,SAS,24,27,10,17,384.0,17.4,16.9,14.9,1.1,2.1,32.2,31.6,47.8,30.2,33.4,17.8,29.1,15.6,50.0,26.7,32.3,39.1,17.5
114,Frank Jackson,DET,23,27,4,23,597.0,20.2,22.6,22.8,36.9,33.9,15.2,14.7,5.0,8.0,7.3,8.8,13.3,13.7,9.4,17.1,15.5,13.7,22.8
115,Fred VanVleet,TOR,27,27,13,14,1027.0,22.9,21.7,22.6,35.3,31.5,23.1,21.0,7.3,17.0,14.3,37.8,31.1,22.2,15.2,18.4,16.5,23.5,23.4
116,Furkan Korkmaz,PHI,24,27,14,13,600.0,18.6,16.8,20.2,24.7,29.0,13.5,13.5,6.4,17.3,15.0,22.9,14.5,15.3,4.7,13.8,8.3,13.4,17.3
117,Gabe Vincent,MIA,25,27,16,11,532.0,18.7,18.7,19.3,25.9,26.2,12.3,11.7,11.5,9.7,10.1,25.4,24.2,27.4,12.5,11.6,27.4,18.7,18.8
118,Jalen Brunson,DAL,25,27,14,13,795.0,21.2,24.0,21.8,12.8,12.9,22.9,22.6,10.5,16.2,14.9,36.6,21.1,20.4,1.4,23.2,15.4,28.8,22.6
119,Jarrett Allen,CLE,23,27,18,9,884.0,17.8,24.6,16.7,0.5,1.0,30.9,33.9,47.6,31.8,35.2,11.1,18.2,16.4,45.7,19.1,16.2,35.4,22.9
120,Jeremiah Robinson-Earl,OKC,21,27,8,19,590.0,14.8,15.7,15.5,19.0,18.3,12.0,12.3,37.2,25.5,28.0,9.2,14.5,16.5,12.7,15.5,20.3,12.2,15.7
121,Jevon Carter,BKN,26,27,19,8,317.0,12.1,9.1,13.8,24.0,26.2,2.6,2.8,6.3,15.0,13.2,21.2,12.8,22.0,16.3,5.9,20.4,7.1,9.7
122,Keldon Johnson,SAS,22,27,10,17,829.0,19.9,21.2,20.1,21.4,16.6,26.5,29.0,15.9,22.1,20.8,10.2,15.6,15.8,4.4,32.4,16.2,20.5,21.8
123,Kevin Durant,BKN,33,27,20,7,999.0,31.4,33.2,31.1,20.5,19.9,46.0,42.4,8.9,25.9,23.0,28.0,29.2,12.3,23.2,21.1,12.6,34.9,33.9
124,Landry Shamet,PHX,24,27,22,5,562.0,15.9,15.5,18.4,33.3,30.9,14.8,13.5,5.3,13.3,11.6,15.0,8.7,9.3,4.3,26.4,15.8,9.5,17.4
125,Lonnie Walker IV,SAS,23,27,11,16,611.0,22.4,19.4,23.7,30.2,36.3,23.3,19.6,3.8,17.3,14.7,18.6,20.4,17.5,11.9,11.7,15.6,13.1,20.9
126,Lonzo Ball,CHI,24,27,17,10,958.0,17.2,15.4,17.4,34.9,31.6,3.9,4.5,16.6,17.4,17.3,27.6,25.0,27.7,29.0,13.1,18.1,8.2,15.9
127,Mo Bamba,ORL,23,27,5,22,774.0,16.2,18.7,17.4,17.9,18.2,8.7,9.3,37.7,28.7,30.7,12.9,14.3,20.8,61.9,16.5,21.4,12.4,17.3
128,Naz Reid,MIN,22,27,13,14,427.0,22.8,26.0,22.8,20.9,18.1,35.0,36.7,33.3,22.6,25.8,9.6,20.3,15.3,39.0,26.9,30.0,30.0,26.6
129,Reggie Bullock,DAL,30,27,13,14,646.0,11.9,11.1,13.5,19.0,21.7,4.5,4.9,4.7,14.7,12.5,7.7,9.8,9.2,5.1,14.3,15.0,3.1,11.3
130,Saddiq Bey,DET,22,27,4,23,860.0,20.1,19.0,21.5,25.4,25.7,15.1,15.5,24.1,19.8,20.9,17.2,15.6,19.4,5.3,20.2,13.0,13.3,19.1
131,Seth Curry,PHI,31,27,14,13,929.0,18.6,22.0,19.7,26.9,24.7,15.3,14.3,9.2,10.3,10.1,18.7,19.3,15.9,5.1,10.1,19.6,16.2,21.4
132,Trey Lyles,DET,26,27,4,23,444.0,20.5,20.4,21.2,18.9,19.9,26.7,25.7,43.6,28.7,32.1,10.4,17.1,10.1,10.3,21.3,22.1,21.8,21.4
133,Zach LaVine,CHI,26,27,17,10,948.0,29.7,32.2,30.3,33.3,31.9,36.4,35.0,5.3,19.5,16.7,24.1,28.2,9.6,10.1,25.0,12.7,31.6,33.0
134,Aleksej Pokusevski,OKC,19,26,8,18,386.0,19.4,17.7,19.8,14.4,20.1,6.3,9.4,26.0,30.6,29.4,20.8,25.0,22.8,38.2,21.7,21.7,11.8,15.8
135,Anfernee Simons,POR,22,26,12,14,618.0,22.0,24.4,24.1,32.6,29.3,13.1,11.3,9.9,12.6,11.9,19.9,18.8,10.4,7.3,20.7,18.9,11.0,23.9
136,Avery Bradley,LAL,31,26,14,12,599.0,11.2,11.8,13.1,25.2,21.7,1.3,1.0,10.2,12.3,11.8,6.9,7.1,18.5,9.1,11.1,17.2,4.7,11.9
137,Chris Boucher,TOR,28,26,13,13,405.0,20.7,21.8,21.9,15.4,23.1,27.4,29.5,35.0,27.3,29.6,4.4,14.5,13.9,52.3,31.8,25.3,24.2,21.9
138,Corey Kispert,WAS,22,26,12,14,340.0,14.0,13.4,15.7,18.4,24.5,9.4,10.1,16.4,15.3,15.6,8.8,11.1,18.2,12.1,20.7,10.6,9.0,13.2
139,Danilo Gallinari,ATL,33,26,12,14,568.0,17.2,17.4,18.6,27.5,24.3,22.4,20.6,12.4,22.3,20.1,13.8,8.5,16.5,13.6,8.5,18.1,20.2,19.4
140,DeAndre' Bembry,BKN,27,26,18,8,509.0,12.0,14.9,12.4,8.3,7.2,6.3,10.2,23.5,18.0,19.0,10.7,14.3,33.3,18.6,22.9,28.8,10.3,13.0
141,Derrick Rose,NYK,33,26,11,15,636.0,21.7,24.0,24.0,22.0,19.4,12.9,11.0,13.6,12.4,12.7,34.7,19.9,22.2,14.5,25.8,5.8,11.1,21.9
142,Gary Trent Jr.,TOR,22,26,13,13,904.0,19.9,21.5,22.2,31.9,29.7,14.6,13.0,4.8,12.0,10.0,12.7,10.6,32.5,8.7,11.5,15.2,12.8,21.7
143,Giannis Antetokounmpo,MIL,27,26,17,9,849.0,33.1,33.3,30.0,11.0,14.4,59.9,64.8,32.9,35.2,34.8,34.6,35.1,19.0,45.1,31.2,25.5,59.4,34.4
144,Hassan Whiteside,UTA,32,26,18,8,404.0,18.4,21.9,17.3,0.0,0.0,26.2,29.8,55.6,39.2,43.2,4.0,22.5,8.0,66.0,26.8,40.4,30.8,20.1
145,Jaden McDaniels,MIN,21,26,13,13,646.0,12.8,13.1,14.0,12.1,14.3,5.3,5.8,20.8,17.3,18.3,6.8,11.4,20.8,16.5,20.3,33.1,9.7,11.8
146,James Harden,BKN,32,26,18,8,942.0,26.9,19.4,22.6,28.6,29.8,47.8,44.3,13.7,25.7,23.4,49.9,46.6,26.3,15.9,35.5,16.3,35.3,25.0
147,Kyle Anderson,MEM,28,26,16,10,565.0,16.9,17.3,17.9,16.0,14.1,15.8,16.7,17.6,29.8,26.7,23.9,16.0,23.3,23.8,13.5,15.5,14.5,16.9
148,Mike Conley,UTA,34,26,20,6,727.0,19.2,20.3,20.6,26.2,22.7,12.7,11.6,6.8,9.0,8.5,38.0,20.9,29.3,11.4,8.5,20.2,16.0,20.1
149,Mitchell Robinson,NYK,23,26,11,15,631.0,9.3,14.8,8.6,0.0,0.0,17.2,20.2,51.9,27.8,34.3,5.4,8.0,11.8,60.0,17.7,30.8,18.2,13.3
150,Moritz Wagner,ORL,24,26,5,21,303.0,20.5,21.8,20.6,29.3,26.8,25.9,25.7,23.3,23.7,23.7,13.3,22.0,11.1,26.3,12.8,34.6,30.8,23.5
151,Nassir Little,POR,21,26,11,15,604.0,14.8,15.8,15.1,13.4,15.7,19.7,20.8,23.1,24.2,23.9,9.5,12.5,19.1,31.3,12.5,21.7,18.6,16.0
152,Norman Powell,POR,28,26,10,16,825.0,22.1,22.8,22.8,24.5,21.2,29.9,29.0,5.3,10.6,9.5,12.7,16.4,18.3,11.4,29.9,17.0,28.4,24.2
153,Obi Toppin,NYK,23,26,12,14,413.0,21.7,25.8,22.6,8.4,15.8,25.2,27.4,29.2,23.1,24.7,12.8,19.0,12.9,32.0,31.1,21.2,23.0,23.7
154,Royce O'Neale,UTA,28,26,18,8,799.0,9.9,10.3,10.1,16.2,14.7,5.8,6.2,14.0,18.0,17.1,16.9,12.4,28.1,17.7,5.5,19.1,8.0,10.4
155,Scottie Barnes,TOR,20,26,11,15,940.0,18.7,21.0,18.6,9.2,8.9,20.9,21.8,30.1,22.6,24.8,20.3,20.6,17.4,26.3,16.7,20.0,23.3,19.6
156,Tomas Satoransky,NOP,30,26,9,17,388.0,11.8,9.3,12.0,3.7,8.8,12.4,12.4,16.2,13.6,14.3,27.4,13.4,14.5,0.0,12.5,18.5,13.3,9.1
157,Tre Jones,SAS,21,26,11,15,290.0,15.9,18.0,16.9,2.1,5.0,14.6,11.5,11.8,16.5,15.3,29.7,18.8,18.0,0.0,26.3,21.4,19.7,16.3
158,Armoni Brooks,HOU,23,25,9,16,396.0,17.6,16.7,20.2,37.6,35.5,9.6,8.1,7.8,15.2,13.3,15.3,10.8,19.7,11.1,7.8,19.5,6.8,18.1
159,Ayo Dosunmu,CHI,21,25,16,9,447.0,14.2,16.4,14.9,21.3,16.4,8.0,10.9,11.7,13.6,13.1,13.9,14.6,15.2,9.3,20.0,18.3,8.4,15.6
160,Bobby Portis,MIL,26,25,16,9,711.0,22.2,25.0,23.7,22.2,20.4,23.1,21.6,41.3,27.0,30.3,10.4,19.3,22.5,38.5,25.6,24.4,19.7,24.4
161,Cam Reddish,ATL,22,25,12,13,558.0,21.3,21.3,22.5,30.1,28.0,24.1,21.7,15.3,11.0,12.0,9.0,19.5,30.2,10.6,28.3,14.5,18.9,22.8
162,D.J. Augustin,HOU,34,25,7,18,361.0,14.6,13.3,13.9,26.0,19.8,13.5,10.2,4.0,10.4,8.8,34.8,26.6,11.3,0.0,9.8,9.7,8.3,15.0
163,Dwight Howard,LAL,36,25,12,13,378.0,13.0,13.8,10.6,5.9,3.1,25.7,30.3,54.9,34.9,39.1,6.7,19.2,27.6,45.9,36.7,28.0,29.0,14.4
164,Evan Mobley,CLE,20,25,17,8,840.0,18.6,20.2,19.5,7.6,8.0,19.9,20.3,26.5,26.1,26.2,14.3,15.6,17.2,45.1,21.5,18.7,17.3,18.9
165,George Hill,MIL,35,25,16,9,664.0,12.3,11.6,12.0,11.7,13.2,15.2,12.5,15.9,12.3,13.1,20.1,16.3,18.4,5.1,10.6,20.0,14.7,12.1
166,Harrison Barnes,SAC,29,25,9,16,836.0,20.3,18.4,19.1,23.8,21.1,37.1,34.0,18.5,22.1,21.3,15.8,18.6,19.8,3.3,25.8,10.1,30.0,22.2
167,Isaiah Stewart,DET,20,25,4,21,648.0,12.9,17.3,12.9,0.7,2.7,13.0,14.8,39.7,30.2,32.6,10.2,13.5,12.0,40.8,20.0,26.0,20.1,14.8
168,JaMychal Green,DEN,31,25,12,13,360.0,19.5,19.8,19.2,13.4,19.3,23.7,23.5,29.3,27.9,28.3,14.1,24.8,30.3,37.1,20.0,30.9,20.3,19.4
169,Jordan Nwora,MIL,23,25,14,11,453.0,19.0,18.4,20.7,24.2,23.9,9.5,8.8,14.6,23.3,21.1,12.8,19.4,13.3,26.2,23.3,14.6,9.0,18.0
170,Josh Giddey,OKC,19,25,8,17,747.0,21.1,19.8,20.8,12.2,16.0,10.0,11.3,25.4,24.3,24.5,42.9,31.6,21.2,18.8,23.5,17.8,17.5,17.6
171,Jrue Holiday,MIL,31,25,17,8,819.0,23.7,24.6,24.5,16.3,17.4,12.7,14.2,11.0,14.3,13.6,39.9,28.6,25.2,15.6,30.6,17.4,15.1,21.9
172,Justin Holiday,IND,32,25,10,15,693.0,15.6,15.2,17.5,32.1,30.3,6.9,6.6,4.8,11.9,10.4,11.3,11.0,14.6,8.6,5.2,18.3,8.5,16.3
173,LaMarcus Aldridge,BKN,36,25,18,7,590.0,21.9,28.4,24.5,8.1,8.4,19.9,19.0,38.5,24.0,26.4,6.6,11.8,13.7,37.7,13.0,18.5,19.0,25.2
174,LaMelo Ball,CHA,20,25,13,12,828.0,26.9,24.3,26.7,27.9,28.0,26.5,22.0,20.4,26.3,24.9,42.4,36.4,29.9,11.1,22.5,22.7,22.6,25.1
175,Luguentz Dort,OKC,22,25,8,17,804.0,22.3,23.8,23.0,32.6,29.5,27.0,24.3,11.8,12.7,12.5,13.4,18.3,16.5,10.5,16.7,25.4,27.6,25.3
176,Malcolm Brogdon,IND,29,25,10,15,883.0,24.0,23.6,24.3,22.1,22.7,33.9,30.7,12.4,17.6,16.4,36.8,22.8,20.0,10.1,31.3,15.8,25.9,25.0
177,Otto Porter Jr.,GSW,28,25,21,4,487.0,14.6,16.5,16.8,23.9,21.9,10.3,9.8,18.2,27.2,25.3,9.4,8.7,20.2,17.4,2.9,15.9,14.3,16.8
178,RJ Barrett,NYK,21,25,12,13,784.0,22.4,21.5,23.2,21.3,22.1,25.7,26.8,11.2,21.4,19.0,15.2,18.8,11.5,8.2,35.1,17.3,21.1,22.1
179,Shake Milton,PHI,25,25,13,12,636.0,20.1,21.1,21.5,17.5,17.5,20.8,19.3,11.8,14.5,14.0,25.1,16.9,18.8,11.8,17.0,19.8,22.2,20.7
180,Spencer Dinwiddie,WAS,28,25,13,12,737.0,20.7,19.1,21.7,26.6,25.0,23.5,21.8,12.9,18.5,17.4,37.8,19.2,11.4,4.6,24.7,19.9,22.5,20.5
181,Tyler Herro,MIA,21,25,14,11,822.0,28.6,28.8,30.5,30.4,29.7,19.0,17.8,10.7,19.9,17.7,22.0,29.2,12.0,3.3,37.2,9.2,16.7,27.6
182,Will Barton,DEN,30,25,12,13,825.0,21.4,21.6,23.0,29.6,27.0,12.1,12.3,10.6,19.0,17.4,23.2,19.0,17.6,16.0,23.5,10.9,15.3,21.4
183,Aaron Nesmith,BOS,22,24,11,13,244.0,16.7,16.0,18.5,21.9,27.4,8.6,8.9,14.0,16.7,16.1,8.2,16.3,21.6,5.9,5.0,33.7,11.3,15.6
184,Al Horford,BOS,35,24,12,12,711.0,17.6,19.1,18.7,19.0,20.0,19.2,18.3,31.9,29.6,30.0,25.4,13.6,17.3,44.0,8.3,20.5,15.8,19.1
185,Alex Caruso,CHI,27,24,16,8,685.0,13.2,11.7,12.4,16.4,16.7,15.1,14.8,15.8,13.6,14.1,30.3,18.6,40.6,13.8,14.5,23.7,19.0,12.7
186,Brandon Ingram,NOP,24,24,10,14,855.0,28.9,29.2,29.5,23.1,22.6,38.8,36.9,9.1,21.1,18.2,26.8,25.9,12.0,10.8,25.9,14.2,33.6,30.0
187,Bruce Brown,BKN,25,24,16,8,539.0,13.7,16.5,15.8,6.7,6.8,6.7,7.4,33.3,18.2,21.4,9.6,9.0,33.3,20.8,29.3,28.1,9.9,13.9
188,CJ McCollum,POR,30,24,11,13,848.0,26.0,26.8,28.6,30.2,28.3,13.4,14.9,14.9,12.1,12.8,26.1,20.2,20.0,20.7,23.8,15.0,16.5,25.5
189,Cedi Osman,CLE,26,24,15,9,525.0,20.2,21.3,22.1,33.5,31.9,13.6,15.6,9.5,14.0,13.1,14.6,15.8,30.5,16.0,10.9,21.5,15.2,21.8
190,Chuma Okeke,ORL,23,24,4,20,527.0,16.5,16.0,17.6,17.4,20.3,13.8,12.5,14.3,23.0,21.0,14.1,14.6,28.6,22.5,9.0,15.7,13.9,15.8
191,Cody Zeller,POR,29,24,11,13,319.0,15.0,16.0,12.7,0.0,1.7,36.0,36.4,47.8,29.4,34.6,13.2,16.0,15.2,23.1,31.4,37.6,29.7,16.9
192,Cory Joseph,DET,30,24,4,20,504.0,14.5,13.5,13.4,10.1,10.3,17.5,16.0,7.9,12.0,11.1,35.8,22.7,20.4,9.1,10.2,17.6,19.1,13.9
193,D'Angelo Russell,MIN,25,24,14,10,781.0,26.3,23.6,27.1,31.1,31.3,26.4,26.2,5.6,15.6,13.0,39.8,24.9,15.8,14.7,18.8,13.4,23.8,24.9
194,Damian Lillard,POR,31,24,11,13,873.0,28.2,24.1,28.5,29.6,33.6,35.2,31.4,7.2,13.7,12.3,41.3,27.2,10.8,11.1,24.2,9.2,30.6,26.5
195,DeAndre Jordan,LAL,33,24,14,10,314.0,12.8,19.2,12.7,0.0,0.0,9.0,11.2,52.2,38.5,41.3,5.6,15.7,17.8,48.9,27.3,34.5,16.5,16.3
196,DeMar DeRozan,CHI,32,24,16,8,846.0,29.3,31.1,29.6,10.3,12.0,49.4,47.2,9.7,17.8,16.2,24.9,21.4,15.3,11.5,30.1,16.4,43.0,32.0
197,Eric Gordon,HOU,32,24,9,15,717.0,20.5,21.8,20.8,28.4,23.1,17.8,17.7,5.1,7.3,6.9,21.2,24.5,15.7,16.0,16.5,10.1,14.7,21.9
198,Gorgui Dieng,ATL,31,24,12,12,196.0,14.5,15.8,14.1,16.1,16.1,14.9,18.6,44.7,34.6,37.0,18.3,20.0,19.4,47.1,14.3,44.2,20.8,15.7
199,Jalen McDaniels,CHA,23,24,13,11,380.0,13.9,14.7,13.9,18.3,19.4,12.9,15.8,21.6,27.4,26.1,10.5,15.2,13.4,17.0,4.8,27.7,15.4,14.9
200,Jerami Grant,DET,27,24,4,20,797.0,26.3,27.4,26.1,22.8,21.6,45.4,42.8,12.8,16.8,15.8,18.1,21.2,21.6,31.8,15.3,15.4,33.9,29.9
201,Jeremy Lamb,IND,29,24,9,15,334.0,20.5,17.4,21.7,27.3,28.1,30.8,26.4,10.5,20.9,18.4,19.3,13.0,22.4,19.5,11.1,16.0,21.7,20.7
202,Josh Hart,NOP,26,24,8,16,756.0,15.5,16.2,14.7,9.9,11.4,20.7,21.7,16.9,26.6,24.3,25.2,18.4,17.5,12.7,19.7,21.8,21.2,16.1
203,Kenrich Williams,OKC,27,24,8,16,499.0,14.6,16.8,15.3,17.2,13.3,10.6,14.5,21.8,15.7,17.2,23.0,12.6,29.3,10.6,10.2,19.5,17.8,15.9
204,Kira Lewis Jr.,NOP,20,24,6,18,341.0,20.9,22.3,22.4,19.1,25.0,10.5,10.6,9.6,12.0,11.3,28.5,21.3,20.8,2.9,13.0,12.2,11.8,20.4
205,Lou Williams,ATL,35,24,12,12,326.0,24.3,23.2,25.1,18.1,19.0,21.8,22.4,9.6,12.1,11.5,21.1,27.1,29.4,7.1,23.8,17.3,18.4,22.4
206,Nick Richards,CHA,24,24,12,12,215.0,13.6,20.0,12.8,0.0,0.0,22.4,20.5,39.6,17.9,23.5,6.6,17.8,13.3,59.1,25.0,42.0,17.2,18.2
207,Nikola Jokic,DEN,26,24,14,10,783.0,30.9,34.6,29.9,21.5,20.2,41.7,42.6,43.2,43.1,43.1,37.8,36.0,28.8,28.3,24.7,24.3,44.5,34.1
208,Paul George,LAC,31,24,13,11,861.0,33.2,31.6,33.4,26.4,29.7,35.8,33.4,6.3,26.5,22.4,33.8,37.1,31.7,11.8,37.0,20.4,35.6,31.5
209,Rodney Hood,MIL,29,24,14,10,378.0,10.5,10.1,12.8,15.7,17.3,8.6,6.9,13.3,14.8,14.5,12.3,3.2,14.5,4.3,0.0,14.9,7.4,10.6
210,Shai Gilgeous-Alexander,OKC,23,24,8,16,837.0,27.9,26.9,27.7,23.5,23.5,43.7,40.2,7.9,15.5,13.9,33.2,25.2,16.5,20.7,22.8,16.6,33.8,29.2
211,T.J. McConnell,IND,29,24,9,15,581.0,15.5,18.5,17.0,4.9,5.9,7.3,7.1,16.8,15.4,15.7,39.4,16.3,26.3,12.3,16.3,17.1,15.3,15.6
212,Taurean Prince,MIN,27,24,11,13,370.0,13.5,13.0,14.3,21.4,20.6,14.7,14.7,12.0,16.9,15.5,10.3,10.7,15.4,12.5,2.2,20.0,18.8,14.3
213,Caleb Martin,MIA,26,23,13,10,450.0,15.7,17.3,17.3,16.7,16.8,17.6,20.7,22.6,17.3,18.4,9.4,9.4,29.0,34.2,19.1,18.5,17.0,17.2
214,Cameron Payne,PHX,27,23,20,3,454.0,26.2,24.0,27.0,22.4,25.7,27.0,25.6,9.9,17.3,15.6,34.2,28.3,17.8,16.3,31.7,20.5,25.1,24.3
215,Caris LeVert,IND,27,23,11,12,668.0,26.1,26.2,27.9,20.9,21.5,21.3,21.5,7.4,10.9,10.0,23.6,20.4,22.0,16.4,32.8,17.1,20.0,25.0
216,Cole Anthony,ORL,21,23,5,18,785.0,26.1,25.0,26.3,28.7,27.9,31.6,29.1,7.6,22.2,18.8,34.1,28.0,19.8,4.4,21.4,18.2,29.0,26.4
217,Damion Lee,GSW,29,23,19,4,456.0,17.5,17.2,19.5,18.2,19.8,17.5,16.5,11.0,17.3,16.2,8.6,8.8,13.2,8.6,12.1,17.0,15.0,17.4
218,Danny Green,PHI,34,23,10,13,558.0,12.9,12.3,13.9,32.4,31.3,3.1,2.6,17.3,12.0,12.9,10.5,15.8,32.7,29.2,6.9,23.0,6.3,13.0
219,Devin Vassell,SAS,21,23,8,15,559.0,17.8,19.3,20.0,28.7,28.3,13.0,12.9,12.9,18.7,17.3,9.7,8.9,23.4,28.8,11.9,20.1,13.6,19.5
220,Eric Paschall,UTA,25,23,18,5,244.0,14.2,14.2,14.5,16.0,16.9,18.1,19.0,25.0,13.9,16.2,13.1,13.3,10.7,11.5,16.7,17.0,14.6,15.0
221,Gary Harris,ORL,27,23,3,20,615.0,14.5,16.0,15.8,18.9,18.3,9.1,9.4,16.5,7.9,9.7,14.4,13.4,17.8,4.9,17.8,16.9,8.6,15.4
222,Isaac Okoro,CLE,20,23,13,10,663.0,14.6,14.7,15.4,13.5,15.6,15.8,16.7,22.8,12.2,14.5,11.9,11.4,19.8,9.8,25.0,22.4,15.3,14.7
223,Javonte Green,CHI,28,23,15,8,474.0,11.3,11.7,11.2,8.8,9.0,11.9,13.0,37.2,18.5,22.5,6.7,11.3,21.8,19.0,8.3,23.7,13.0,11.4
224,Josh Jackson,DET,24,23,3,20,417.0,18.1,17.5,18.9,18.8,20.2,15.4,17.2,14.3,24.4,22.0,19.5,16.0,13.5,22.7,31.7,24.3,18.0,17.3
225,Kelan Martin,IND,26,23,11,12,405.0,18.1,19.8,20.6,21.6,22.0,6.5,7.9,16.3,11.5,12.7,10.8,12.1,17.7,17.4,18.9,18.6,4.9,18.3
226,Matisse Thybulle,PHI,24,23,13,10,554.0,10.9,11.8,11.5,14.2,15.4,3.7,3.5,11.5,10.5,10.7,8.8,14.9,36.7,33.8,2.6,19.5,5.4,10.7
227,Max Strus,MIA,25,23,15,8,477.0,16.7,18.8,19.4,37.7,33.4,11.9,12.6,5.8,19.8,16.5,8.7,9.2,12.3,5.4,15.4,16.6,13.7,20.3
228,Payton Pritchard,BOS,23,23,12,11,215.0,16.7,11.9,18.3,23.8,27.2,7.4,6.4,14.9,12.3,12.9,33.7,18.1,4.0,9.1,13.6,17.2,11.9,12.9
229,Romeo Langford,BOS,22,23,10,13,410.0,12.2,13.3,13.6,18.6,14.5,7.9,8.6,20.6,17.1,18.0,7.3,9.5,15.0,9.5,19.6,17.9,11.0,12.9
230,Xavier Tillman,MEM,22,23,15,8,339.0,16.5,15.5,16.0,6.3,10.9,24.7,26.6,36.1,21.9,25.8,18.0,18.7,29.3,25.6,9.1,24.1,24.3,15.4
231,Cade Cunningham,DET,20,22,4,18,708.0,26.3,24.8,26.1,29.6,30.2,15.9,15.8,13.7,23.7,21.2,31.7,35.3,27.7,20.0,29.1,18.6,17.4,23.8
232,Cam Thomas,BKN,20,22,14,8,322.0,17.8,19.0,20.9,24.0,26.3,12.0,12.3,4.6,16.0,12.8,15.6,7.7,18.2,10.0,30.3,7.6,12.9,17.9
233,Derrick Jones Jr.,CHI,24,22,14,8,406.0,13.2,16.2,13.3,11.4,11.3,17.6,17.6,33.7,16.8,20.9,6.9,11.0,20.0,40.4,24.5,28.4,19.5,16.1
234,Kevin Love,CLE,33,22,12,10,436.0,22.8,23.0,23.8,39.2,34.1,31.0,26.4,20.8,39.5,35.0,17.0,18.3,7.8,19.4,6.7,17.2,24.3,26.3
235,Killian Hayes,DET,20,22,4,18,566.0,13.6,11.1,13.5,15.7,15.1,11.4,10.1,9.0,15.5,13.9,30.0,18.1,30.0,16.9,15.2,23.6,11.0,11.6
236,Mason Plumlee,CHA,31,22,13,9,562.0,11.8,13.7,10.0,0.0,0.0,13.4,25.6,39.1,24.3,28.1,20.1,18.2,16.4,42.9,22.6,31.8,25.7,12.0
237,Richaun Holmes,SAC,28,22,9,13,596.0,16.7,25.8,16.9,1.4,1.0,20.7,21.0,51.8,33.9,37.6,10.6,16.9,7.1,32.3,20.3,28.9,22.2,22.5
238,Robert Williams III,BOS,24,22,11,11,609.0,11.5,17.6,10.9,0.0,0.0,12.3,15.1,57.9,23.8,31.8,9.1,14.8,16.8,53.6,7.9,17.4,11.5,14.8
239,Terry Rozier,CHA,27,22,11,11,708.0,21.8,23.0,24.0,25.5,26.5,19.9,17.4,9.2,12.9,12.0,20.0,15.7,21.4,13.9,19.2,12.0,17.5,22.9
240,Thaddeus Young,SAS,33,22,8,14,311.0,18.7,22.9,18.8,0.0,1.8,10.0,16.7,48.5,19.4,26.4,30.5,25.3,32.8,22.2,19.0,27.5,16.9,19.5
241,Thanasis Antetokounmpo,MIL,29,22,12,10,281.0,13.4,14.6,13.6,0.0,2.9,14.6,18.0,38.3,25.9,29.1,13.5,13.1,27.9,20.8,27.6,33.9,17.3,12.8
242,Timothe Luwawu-Cabarrot,ATL,26,22,12,10,278.0,13.2,12.4,15.2,25.0,24.8,10.4,9.2,7.8,12.8,11.6,9.9,7.1,16.7,11.1,16.1,26.9,11.2,13.6
243,Tony Snell,POR,30,22,8,14,263.0,8.7,7.2,9.7,14.3,17.2,4.9,3.7,6.3,15.7,13.6,13.2,7.0,9.3,12.0,8.3,20.8,3.9,8.0
244,Tristan Thompson,SAC,30,22,9,13,333.0,18.7,20.9,17.2,0.0,0.0,23.3,30.4,62.2,28.6,38.6,9.9,23.6,15.6,25.8,30.0,28.6,30.0,19.0
245,Ty Jerome,OKC,24,22,7,15,300.0,21.5,22.9,23.5,23.8,27.5,24.0,21.3,9.7,8.3,8.6,22.6,14.1,29.2,10.3,12.9,23.1,20.7,23.2
246,Wayne Ellington,LAL,34,22,11,11,458.0,12.9,13.1,15.5,34.1,33.5,2.6,2.5,5.4,9.2,8.5,6.6,8.5,15.6,4.3,8.8,13.0,5.6,14.2
247,Alex Len,SAC,28,21,9,12,356.0,15.7,16.9,14.0,7.2,5.5,20.9,23.7,32.9,25.7,27.4,13.2,24.5,7.7,58.3,15.6,42.9,24.1,16.5
248,Blake Griffin,BKN,32,21,16,5,454.0,14.7,12.5,16.5,9.4,19.5,13.5,16.0,36.4,22.6,24.8,17.6,7.0,17.2,30.6,20.8,31.7,33.0,12.3
249,David Nwaba,HOU,28,21,3,18,242.0,15.2,17.3,16.1,4.8,9.9,15.5,16.7,25.0,30.1,28.8,11.7,11.6,26.1,21.7,21.1,27.2,19.3,15.6
250,Derrick Favors,OKC,30,21,8,13,350.0,15.2,21.7,17.3,3.0,3.7,10.1,13.3,39.5,28.1,30.5,8.8,6.2,17.9,13.3,17.1,24.4,15.0,18.2
251,Devin Booker,PHX,25,21,18,3,676.0,30.8,29.2,31.2,32.7,30.0,34.7,32.6,14.6,16.7,16.3,24.7,31.3,14.6,8.9,42.9,18.6,30.3,30.3
252,Doug McDermott,SAS,29,21,8,13,526.0,17.1,18.6,19.2,36.8,32.0,8.2,7.7,8.0,10.9,10.2,8.3,9.7,5.2,3.7,19.6,15.4,8.3,19.2
253,Frank Ntilikina,DAL,23,21,10,11,249.0,16.6,14.4,17.5,20.3,21.0,14.8,11.3,5.6,14.9,12.9,20.5,19.6,27.7,15.8,21.4,22.1,17.6,15.3
254,Jakob Poeltl,SAS,26,21,9,12,606.0,17.2,20.9,16.3,0.0,0.0,14.1,24.9,59.6,22.7,32.3,14.7,22.1,10.8,53.2,18.3,29.0,24.8,18.3
255,Jalen Suggs,ORL,20,21,4,17,583.0,25.4,19.1,23.9,19.1,23.6,34.3,32.9,13.1,12.3,12.5,29.3,34.5,28.6,14.8,34.7,24.4,33.8,21.2
256,Josh Christopher,HOU,20,21,7,14,254.0,20.2,21.8,21.0,23.0,17.4,12.9,12.8,18.9,11.4,13.4,20.8,26.9,27.5,4.3,28.1,16.3,15.6,20.1
257,Josh Richardson,BOS,28,21,11,10,523.0,16.0,18.0,17.7,21.8,20.0,14.0,14.0,11.8,12.6,12.4,11.3,10.3,16.5,17.5,12.1,19.2,13.1,17.6
258,Keita Bates-Diop,SAS,25,21,8,13,303.0,13.0,11.9,12.1,5.2,8.5,12.9,14.2,23.8,22.8,23.1,6.4,23.0,22.2,19.4,25.8,18.0,11.9,11.5
259,Kent Bazemore,LAL,32,21,11,10,393.0,11.2,9.9,12.5,21.0,19.2,9.5,8.8,6.7,13.7,12.0,10.9,6.2,25.7,10.6,0.0,30.6,11.9,10.9
260,Khris Middleton,MIL,30,21,15,6,650.0,25.7,23.0,25.9,25.1,25.3,29.1,25.9,9.2,19.9,17.7,32.6,31.3,21.7,4.9,14.5,18.3,25.4,24.3
261,Kristaps Porzingis,DAL,26,21,11,10,634.0,27.6,28.9,28.6,21.7,23.7,50.9,43.3,36.7,27.6,29.6,13.5,20.8,17.6,55.7,27.5,22.5,32.6,30.6
262,Lauri Markkanen,CLE,24,21,13,8,635.0,19.0,18.9,21.8,30.6,31.6,15.8,15.2,15.9,19.0,18.3,7.6,8.2,16.7,14.3,26.6,15.3,17.9,19.6
263,Luka Doncic,DAL,22,21,12,9,735.0,35.7,34.1,34.0,31.3,29.8,37.2,38.2,11.0,31.2,26.3,54.3,49.2,19.6,16.4,23.7,17.7,37.8,34.2
264,Mike Muscala,OKC,30,21,7,14,294.0,20.5,24.7,22.4,42.2,32.2,28.6,26.9,18.2,27.0,25.2,8.0,9.9,14.9,31.4,17.1,19.8,19.0,27.6
265,Omer Yurtseven,MIA,23,21,13,8,165.0,19.6,20.5,21.1,0.0,4.0,28.3,30.3,50.0,33.6,37.6,11.5,14.1,8.3,39.1,38.5,22.1,22.1,19.0
266,Patrick Beverley,MIN,33,21,11,10,552.0,13.8,14.6,14.8,14.8,16.3,9.5,11.1,18.1,17.9,18.0,35.6,12.9,17.3,27.3,6.8,23.7,17.4,14.0
267,Paul Millsap,BKN,36,21,14,7,235.0,16.4,15.5,17.2,10.9,14.8,11.4,13.6,38.5,28.0,30.7,19.8,16.7,16.7,25.9,12.0,39.3,16.0,14.2
268,Precious Achiuwa,TOR,22,21,11,10,556.0,17.0,15.6,17.7,5.9,7.4,11.4,16.6,34.5,32.5,33.0,14.2,15.5,11.6,20.7,34.8,23.3,14.7,14.1
269,Tobias Harris,PHI,29,21,9,12,720.0,24.5,26.4,26.2,17.8,20.1,21.8,21.1,19.8,27.6,26.2,22.5,19.9,6.7,14.6,37.9,12.9,18.4,24.8
270,Tony Bradley,CHI,23,21,12,9,265.0,12.5,14.3,12.4,0.0,0.0,6.6,6.9,56.1,30.0,35.6,8.5,20.0,2.6,37.5,24.4,27.3,12.4,11.9
271,Trent Forrest,UTA,23,21,15,6,151.0,9.9,9.2,8.2,2.1,2.3,13.5,11.4,19.4,12.2,13.5,23.1,18.3,22.7,0.0,8.3,14.7,15.3,8.8
272,Bogdan Bogdanovic,ATL,29,20,11,9,564.0,16.9,17.0,18.9,31.9,30.8,6.2,6.3,6.0,15.6,13.5,16.3,13.3,16.3,8.2,8.5,18.7,12.2,17.1
273,Bones Hyland,DEN,21,20,12,8,336.0,23.1,22.1,24.6,32.7,32.4,25.0,22.4,6.3,16.4,14.0,19.2,21.2,22.6,15.6,26.3,22.0,19.0,24.0
274,Daniel Theis,HOU,29,20,3,17,457.0,16.6,21.8,17.9,17.8,18.1,15.0,14.2,27.7,23.2,24.1,8.6,13.8,13.8,28.3,5.9,25.9,16.7,20.2
275,Davis Bertans,WAS,29,20,9,11,325.0,16.1,13.5,18.2,38.2,41.1,17.4,13.8,5.2,15.1,13.1,7.1,9.2,20.0,12.0,0.0,23.4,13.9,16.5
276,Dean Wade,CLE,25,20,11,9,410.0,10.2,12.0,11.9,17.9,17.7,5.8,5.7,15.7,17.8,17.3,11.9,4.3,16.2,4.3,0.0,25.2,6.9,12.0
277,Deandre Ayton,PHX,23,20,16,4,625.0,21.5,26.7,21.5,0.7,1.7,20.3,24.1,60.2,36.1,40.4,9.1,24.0,14.5,42.4,36.6,21.1,19.4,23.5
278,Hamidou Diallo,DET,23,20,1,19,324.0,16.9,23.3,18.6,9.4,10.3,17.2,18.2,29.5,20.1,22.3,11.4,10.8,19.0,27.3,7.5,27.9,22.4,20.9
279,Jaxson Hayes,NOP,21,20,4,16,234.0,18.9,23.7,18.9,8.2,7.0,31.8,32.2,39.7,25.3,29.5,5.2,16.0,13.2,48.0,29.2,35.2,33.3,23.6
280,Josh Okogie,MIN,23,20,6,14,278.0,10.2,7.7,9.5,6.6,8.6,16.0,19.1,24.7,12.8,16.2,13.5,12.0,26.5,15.2,22.6,22.2,25.2,8.9
281,Justise Winslow,LAC,25,20,13,7,176.0,16.9,14.7,16.5,6.8,10.1,6.4,8.7,27.3,24.4,25.0,19.0,34.6,30.0,35.0,38.5,18.5,11.1,12.7
282,Malachi Flynn,TOR,23,20,10,10,166.0,17.6,18.6,19.5,23.1,25.6,8.0,10.9,9.3,18.6,15.2,25.0,15.4,28.6,9.1,8.0,24.3,19.0,17.6
283,Maurice Harkless,SAC,28,20,8,12,379.0,10.1,8.5,10.7,11.5,17.2,7.8,7.6,4.8,16.1,14.1,5.6,9.3,16.3,27.8,10.3,21.4,11.8,8.7
284,Nikola Vucevic,CHI,31,20,13,7,663.0,23.5,22.2,25.4,19.4,21.5,11.1,14.4,28.2,36.0,34.5,20.0,17.6,18.3,31.3,15.9,22.1,15.2,20.3
285,Oshae Brissett,IND,23,20,8,12,315.0,15.0,16.3,16.0,23.0,21.5,2.8,7.8,20.3,22.5,22.0,7.9,18.0,23.5,11.8,10.7,18.7,6.5,15.0
286,Sterling Brown,DAL,26,20,10,10,256.0,12.8,10.8,13.2,15.9,20.7,5.1,3.8,28.0,27.8,27.8,12.4,19.4,20.9,14.3,23.3,22.6,4.7,10.7
287,Terence Davis,SAC,24,20,8,12,346.0,24.0,22.2,25.7,30.1,37.4,13.8,13.9,8.5,20.6,18.0,11.9,25.7,27.6,15.2,22.5,33.8,13.2,22.0
288,Austin Rivers,DEN,29,19,11,8,332.0,13.6,12.6,15.4,16.7,19.7,3.1,4.7,13.8,10.0,10.9,9.7,11.4,18.0,6.7,24.0,16.8,5.3,11.8
289,Brad Wanamaker,IND,32,19,8,11,248.0,15.5,12.5,14.8,7.5,10.0,21.2,19.4,11.3,15.8,14.7,33.1,24.0,9.5,18.8,33.3,31.4,25.8,13.4
290,Brandon Clarke,MEM,25,19,9,10,304.0,16.4,23.6,17.5,1.3,5.0,17.6,20.1,36.3,21.6,25.8,15.0,10.5,14.0,32.1,12.2,25.0,18.9,20.4
291,Dylan Windler,CLE,25,19,12,7,196.0,12.0,13.0,13.4,16.4,17.9,6.1,6.0,20.5,18.5,19.0,18.0,10.3,19.2,13.3,15.8,27.1,4.8,12.7
292,Ish Smith,CHA,33,19,10,9,259.0,19.3,19.6,21.3,4.5,4.5,3.4,6.3,3.8,12.9,10.8,36.2,21.1,23.7,18.2,20.0,16.9,10.8,15.6
293,Ja Morant,MEM,22,19,9,10,619.0,31.0,31.4,30.6,21.8,21.2,43.1,42.9,15.8,19.2,18.3,41.6,32.4,24.8,6.9,43.4,10.9,42.8,32.1
294,Joel Embiid,PHI,27,19,12,7,629.0,33.4,28.7,30.3,17.0,16.6,60.6,61.4,38.3,38.3,38.3,29.0,32.0,23.3,33.3,31.4,23.0,58.0,33.2
295,Jonathan Kuminga,GSW,19,19,16,3,134.0,21.7,24.0,23.5,5.6,15.0,18.5,24.3,32.0,18.8,21.2,8.3,19.6,17.9,20.0,30.8,31.6,23.6,20.8
296,Jordan McLaughlin,MIN,25,19,10,9,201.0,12.3,8.8,11.7,5.7,10.6,15.8,13.1,5.7,10.7,9.2,38.4,19.0,26.8,0.0,16.1,7.5,15.7,9.3
297,Kevin Porter Jr.,HOU,21,19,6,13,574.0,24.6,18.1,22.8,21.5,25.2,24.7,27.6,14.0,15.2,15.0,40.3,31.8,30.1,11.1,21.7,17.3,25.5,19.5
298,Lamar Stevens,CLE,24,19,13,6,202.0,13.5,13.3,15.8,13.8,14.4,5.5,7.6,25.6,17.3,19.3,6.5,8.7,15.4,22.2,30.0,28.4,7.4,12.1
299,Maxi Kleber,DAL,29,19,9,10,441.0,13.2,14.2,14.0,23.1,21.3,11.8,12.4,23.4,26.5,25.8,8.9,10.8,17.1,34.8,13.2,22.2,16.8,15.0
300,Moses Moody,GSW,19,19,18,1,105.0,14.4,15.2,18.5,9.5,21.0,3.0,5.3,4.8,10.8,9.6,6.4,4.5,10.5,25.0,0.0,13.5,8.8,12.7
301,Naji Marshall,NOP,23,19,5,14,209.0,17.9,12.7,15.7,6.7,16.3,31.6,28.4,23.3,25.0,24.5,20.2,25.3,27.6,14.3,35.0,25.0,24.4,15.6
302,Tre Mann,OKC,20,19,6,13,311.0,20.1,24.0,22.5,29.2,22.2,14.4,14.6,8.6,12.7,11.6,8.0,13.8,23.9,15.2,30.0,28.1,16.9,23.0
303,Ziaire Williams,MEM,20,19,10,9,339.0,13.9,12.4,15.5,18.4,27.1,3.7,4.1,6.1,9.6,8.7,6.4,12.0,14.3,14.0,15.4,22.8,6.6,11.8
304,Bam Adebayo,MIA,24,18,10,8,592.0,25.2,26.7,23.1,0.0,0.2,42.5,44.8,41.2,29.8,32.2,18.6,28.8,22.2,20.7,36.0,22.3,37.4,26.4
305,Denzel Valentine,CLE,28,18,11,7,115.0,16.9,14.5,18.9,22.2,23.4,0.0,0.0,23.1,16.7,18.4,11.6,16.7,22.7,0.0,11.1,17.9,8.0,14.2
306,Enes Freedom,BOS,29,18,8,10,201.0,16.5,18.0,16.4,1.9,2.0,20.3,20.2,56.7,32.4,39.2,3.4,21.1,14.3,52.9,48.1,27.5,18.8,16.5
307,Goga Bitadze,IND,22,18,8,10,147.0,17.4,13.4,18.4,14.3,23.4,20.0,24.3,52.9,23.1,30.4,5.2,14.3,37.0,52.6,35.7,48.3,20.6,14.7
308,Isaiah Joe,PHI,22,18,8,10,195.0,15.8,14.3,18.5,34.9,32.8,13.5,10.6,5.9,15.4,13.4,15.2,11.1,8.6,3.2,9.5,14.3,12.5,16.5
309,Jalen Green,HOU,19,18,2,16,555.0,22.3,21.5,23.2,26.9,28.7,27.1,22.9,6.4,12.0,10.8,18.8,20.9,15.5,7.8,29.4,12.5,20.8,23.0
310,James Johnson,BKN,34,18,13,5,327.0,12.7,14.3,13.7,6.2,7.5,4.8,8.9,26.2,20.6,21.7,22.4,11.7,20.0,20.0,12.5,28.1,7.3,11.8
311,Jimmy Butler,MIA,32,18,11,7,607.0,26.9,28.9,25.7,4.5,7.7,51.8,49.0,23.2,17.3,18.6,31.1,20.0,38.2,20.8,23.1,11.0,40.5,30.6
312,Justin Robinson,SAC,24,18,10,8,205.0,14.3,13.0,16.5,17.2,21.4,2.4,1.7,5.0,7.7,7.1,24.7,16.4,28.6,0.0,7.1,20.0,11.1,11.5
313,Kemba Walker,NYK,31,18,10,8,441.0,20.8,22.2,22.2,29.2,26.0,16.9,14.8,2.5,14.3,11.9,28.4,18.8,33.9,11.1,17.9,11.8,27.3,22.5
314,LeBron James,LAL,36,18,11,7,667.0,28.8,30.1,29.3,28.7,30.7,31.1,30.3,10.8,21.2,19.2,34.6,30.6,26.7,25.0,20.5,15.0,34.0,30.0
315,Leandro Bolmaro,MIN,21,18,9,9,160.0,11.4,6.5,10.1,3.1,8.5,13.8,11.5,33.3,16.7,20.9,14.1,22.9,17.2,0.0,6.3,23.4,16.2,7.4
316,P.J. Dozier,DEN,25,18,9,9,340.0,14.7,14.3,16.3,20.3,18.3,9.5,9.8,19.7,20.8,20.5,20.1,12.4,18.3,18.2,11.1,19.8,13.8,14.2
317,P.J. Washington,CHA,23,18,8,10,457.0,17.2,17.0,17.4,23.4,22.3,12.8,13.1,26.6,25.7,25.9,14.6,21.2,16.9,41.5,24.0,22.8,12.2,17.3
318,Troy Brown Jr.,CHI,22,18,13,5,230.0,16.0,16.9,18.3,14.5,21.6,13.5,13.6,19.0,24.2,23.1,14.3,9.9,17.6,5.0,24.2,15.4,18.8,16.1
319,Willie Cauley-Stein,DAL,28,18,10,8,177.0,10.2,11.0,10.3,1.9,1.3,2.1,3.4,34.2,19.1,22.5,11.3,15.2,17.1,30.0,28.6,22.7,6.8,8.7
320,Amir Coffey,LAC,24,17,7,10,212.0,11.2,8.5,11.1,17.5,19.5,27.3,23.6,8.8,14.5,13.6,13.3,7.2,3.0,12.5,6.3,17.8,15.3,12.4
321,Austin Reaves,LAL,23,17,12,5,335.0,11.0,11.9,11.7,17.8,18.3,13.2,11.3,10.9,14.1,13.6,10.3,10.3,6.3,4.4,4.3,22.0,17.2,12.8
322,Chimezie Metu,SAC,24,17,6,11,392.0,18.8,17.9,20.0,20.0,25.8,15.5,15.9,19.3,33.4,30.3,8.2,15.6,20.6,33.3,26.7,17.4,16.0,17.8
323,Jared Butler,UTA,21,17,15,2,73.0,23.6,20.4,25.8,24.0,28.4,13.3,20.0,0.0,18.5,14.8,35.7,23.5,20.0,85.7,14.3,40.5,12.0,19.6
324,Josh Green,DAL,21,17,7,10,126.0,11.5,16.2,13.2,9.1,6.5,2.3,6.7,25.8,17.5,19.4,11.1,9.3,28.6,20.0,13.3,28.8,7.5,13.4
325,KZ Okpala,MIA,22,17,11,6,179.0,14.0,12.5,15.6,10.7,15.2,22.9,21.7,25.0,20.5,21.5,10.1,6.1,12.5,37.5,8.7,27.3,13.7,13.2
326,Pascal Siakam,TOR,27,17,6,11,586.0,25.0,25.5,24.2,12.2,14.0,32.8,34.2,22.1,25.3,24.4,22.7,26.8,11.8,23.3,22.0,22.0,34.0,25.0
327,Willy Hernangomez,NOP,27,17,7,10,239.0,19.7,26.6,19.1,4.2,1.3,28.4,30.5,58.2,41.0,45.7,16.5,22.2,18.2,27.8,21.4,32.0,30.2,24.9
328,Zeke Nnaji,DEN,20,17,10,7,253.0,15.9,16.7,16.1,19.4,15.8,28.3,32.9,42.5,25.5,29.1,5.6,9.4,9.5,27.3,38.1,23.5,21.8,18.3
329,Alize Johnson,CHI,25,16,10,6,121.0,12.3,14.0,11.3,0.0,2.7,9.1,11.7,64.0,31.7,40.9,14.8,25.0,18.8,0.0,27.3,27.8,15.7,11.7
330,Brandon Boston Jr.,LAC,20,16,10,6,202.0,19.7,18.9,21.1,21.8,24.0,28.1,25.6,2.6,17.1,14.0,6.4,15.3,22.7,13.6,41.2,17.9,17.7,20.6
331,Danuel House Jr.,HOU,28,16,7,9,233.0,17.5,14.0,17.2,14.9,18.0,16.2,14.1,10.3,22.8,20.5,16.2,23.4,15.2,18.5,12.5,18.4,12.1,14.5
332,Dennis Smith Jr.,POR,24,16,6,10,278.0,18.1,15.7,16.2,9.1,10.0,18.8,21.1,11.1,16.1,15.0,38.8,29.8,37.5,26.1,26.7,17.1,20.9,15.6
333,Dillon Brooks,MEM,25,16,11,5,451.0,28.9,26.7,30.3,27.1,29.2,31.4,27.5,12.5,13.7,13.4,18.4,26.6,18.4,3.5,27.4,28.8,28.5,27.5
334,Garrison Mathews,HOU,25,16,8,8,461.0,14.7,15.4,16.8,28.0,28.6,21.8,19.7,12.2,14.1,13.7,3.3,4.1,16.7,14.3,11.1,22.0,21.3,18.1
335,Killian Tillie,MEM,23,16,10,6,169.0,14.9,15.5,16.5,26.9,26.1,4.5,5.6,16.7,9.6,11.7,7.6,11.9,25.0,38.1,11.1,29.3,10.9,15.8
336,Markus Howard,DEN,22,16,7,9,116.0,24.6,24.2,27.7,38.3,35.4,20.0,19.0,0.0,7.7,5.6,8.8,21.4,27.3,0.0,37.5,22.0,21.3,26.1
337,Sandro Mamukelashvili,MIL,22,16,10,6,155.0,12.7,15.5,15.1,15.9,16.1,6.3,6.1,51.4,20.4,28.9,15.5,7.4,11.1,30.0,31.3,20.9,13.0,14.6
338,Santi Aldama,MEM,20,16,9,7,156.0,19.2,17.8,21.3,7.5,20.1,20.6,19.4,27.6,22.6,24.3,14.6,10.9,5.3,14.3,14.3,30.9,17.8,16.9
339,Trey Burke,DAL,29,16,5,11,203.0,27.4,28.8,29.9,26.3,27.5,21.2,18.1,4.8,10.2,9.6,31.6,25.9,21.2,0.0,25.0,16.5,19.8,27.4
340,Andre Iguodala,GSW,37,15,12,3,299.0,10.7,9.6,11.3,7.3,13.2,6.6,7.0,19.0,17.9,18.2,33.9,11.2,17.2,31.6,3.6,12.2,17.9,8.9
341,Ben McLemore,POR,28,15,5,10,194.0,19.3,26.1,22.4,54.7,40.3,9.0,8.1,12.5,8.2,9.0,10.6,14.5,18.2,0.0,5.3,16.5,13.8,27.0
342,Jaylen Brown,BOS,25,15,7,8,490.0,27.1,29.1,27.7,29.9,26.9,27.7,28.6,7.8,19.2,16.8,15.2,27.7,23.0,10.4,26.9,21.7,27.9,29.0
343,Jaylen Nowell,MIN,22,15,9,6,115.0,23.1,24.7,28.0,24.0,24.3,5.1,7.5,9.7,13.2,12.3,27.1,8.6,26.3,28.6,23.1,14.9,4.8,21.7
344,Juancho Hernangomez,BOS,26,15,8,7,63.0,16.1,8.9,15.1,11.8,21.1,19.0,19.2,27.3,26.8,27.0,4.0,25.0,40.0,0.0,0.0,17.4,14.3,10.9
345,Khem Birch,TOR,29,15,7,8,344.0,12.1,13.8,12.1,0.0,2.4,21.2,21.4,40.7,17.1,25.4,13.1,8.9,21.4,26.9,10.3,18.6,19.6,13.4
346,Luka Garza,DET,22,15,0,15,143.0,16.1,19.0,17.2,15.8,13.6,20.4,21.2,42.4,19.5,25.8,10.9,12.3,18.8,16.7,46.7,40.0,26.2,18.8
347,Nerlens Noel,NYK,27,15,6,9,345.0,7.9,7.8,7.0,0.0,0.8,9.4,9.9,52.2,22.0,28.6,7.4,14.3,25.4,58.8,10.3,26.2,18.2,7.1
348,Nicolas Batum,LAC,33,15,10,5,400.0,11.8,15.4,13.1,28.8,22.7,4.0,6.6,10.9,24.7,22.2,11.4,9.8,21.8,31.6,3.4,13.0,6.1,15.5
349,OG Anunoby,TOR,24,15,7,8,560.0,23.4,24.1,25.3,30.1,29.8,20.8,19.6,17.1,16.1,16.4,16.9,16.6,18.9,17.6,33.3,18.6,19.0,24.3
350,Paul Reed,PHI,22,15,7,8,142.0,12.5,14.9,13.8,0.0,3.8,0.0,0.0,37.2,27.2,30.6,11.8,13.6,42.9,47.4,33.3,34.4,8.5,11.8
351,Rajon Rondo,LAL,35,15,5,10,231.0,16.2,11.7,15.5,13.6,15.1,0.0,0.0,17.4,17.8,17.7,47.2,32.1,28.2,10.3,19.0,20.6,7.4,10.1
352,Talen Horton-Tucker,LAL,21,15,8,7,432.0,19.3,17.9,20.4,14.9,19.1,17.1,14.6,12.4,17.3,16.3,19.1,17.7,24.4,17.8,19.4,28.8,13.7,17.5
353,Theo Maledon,OKC,20,15,3,12,173.0,16.2,8.0,13.9,7.5,18.9,26.0,22.7,17.6,14.1,14.8,22.4,29.4,21.7,11.8,9.5,18.8,22.4,10.6
354,Abdel Nader,PHX,28,14,11,3,145.0,13.9,10.1,13.3,10.5,13.6,17.1,20.8,13.8,20.5,19.1,10.1,17.5,28.6,26.7,18.2,27.0,23.3,10.9
355,Boban Marjanovic,DAL,33,14,7,7,85.0,30.8,40.8,32.2,5.3,6.0,24.0,33.3,33.3,33.3,33.3,4.3,30.0,0.0,40.0,33.3,44.4,35.9,35.2
356,CJ Elleby,POR,21,14,6,8,75.0,15.3,19.2,16.9,26.7,22.2,0.0,0.0,13.3,30.2,26.5,12.1,22.6,0.0,0.0,0.0,35.5,2.7,16.6
357,Damian Jones,SAC,26,14,5,9,125.0,12.9,15.0,11.1,3.0,2.2,24.0,24.7,51.9,28.7,34.2,14.3,16.3,6.7,36.4,23.1,32.1,25.0,15.2
358,Elfrid Payton,PHX,27,14,10,4,173.0,17.3,16.1,17.7,3.3,4.0,8.5,12.5,17.6,15.4,16.0,40.5,22.0,20.0,16.7,36.0,13.1,13.4,13.8
359,Joe Harris,BKN,30,14,10,4,423.0,14.6,15.8,16.6,30.8,26.7,4.1,3.8,8.9,15.6,14.7,6.1,11.0,11.1,5.6,14.3,18.3,6.0,16.4
360,Justin Champagnie,TOR,20,14,8,6,95.0,12.0,13.8,13.2,0.0,9.0,24.1,18.4,32.4,10.1,17.9,2.1,0.0,12.5,20.0,9.1,35.5,14.7,13.3
361,Miye Oni,UTA,24,14,13,1,41.0,8.4,6.9,11.1,9.1,20.0,0.0,6.7,0.0,14.7,12.5,27.8,5.9,0.0,0.0,0.0,25.0,11.1,6.3
362,Moses Brown,DAL,22,14,7,7,88.0,19.8,20.0,15.6,0.0,0.0,46.5,49.2,58.8,25.7,31.9,0.0,18.8,18.8,42.9,25.0,45.2,46.7,24.1
363,Mychal Mulder,ORL,27,14,1,13,166.0,16.8,14.2,18.6,26.1,25.8,4.3,3.2,7.7,14.0,12.8,4.2,15.9,16.7,7.7,28.6,15.2,5.6,14.5
364,Quentin Grimes,NYK,21,14,6,8,119.0,17.2,19.3,18.5,50.0,32.0,4.3,3.6,8.7,13.8,12.6,10.3,24.2,15.0,12.5,0.0,23.3,2.2,20.2
365,Rudy Gay,UTA,35,14,11,3,268.0,18.8,18.2,20.0,25.7,27.2,14.6,16.0,18.0,27.4,25.3,10.2,15.4,17.5,9.7,23.8,20.0,16.2,18.9
366,Ignas Brazdeikis,ORL,22,13,1,12,110.0,13.9,9.4,15.2,7.5,17.8,12.8,12.5,23.8,17.1,18.6,11.5,8.8,25.0,0.0,18.2,24.1,12.0,9.6
367,Isaiah Roby,OKC,23,13,1,12,164.0,20.1,26.0,21.0,11.6,11.2,23.3,21.5,41.2,18.8,24.0,13.5,16.7,11.5,22.7,30.0,25.0,25.8,23.8
368,James Bouknight,CHA,21,13,7,6,103.0,23.8,21.7,26.2,33.3,26.4,18.4,14.5,40.0,17.6,25.9,9.6,17.2,5.9,0.0,40.0,18.9,13.3,22.5
369,Marcus Morris Sr.,LAC,32,13,6,7,386.0,20.3,21.4,22.3,27.1,27.1,14.0,14.1,7.2,21.5,18.0,14.6,15.7,14.0,12.1,17.6,18.6,13.8,21.0
370,Marvin Bagley III,SAC,22,13,5,8,255.0,15.7,18.9,16.9,14.3,14.2,18.5,18.9,31.5,33.1,32.6,7.1,10.8,5.6,25.0,12.5,14.3,21.5,18.4
371,Solomon Hill,ATL,30,13,7,6,139.0,6.4,2.8,8.2,4.5,12.7,0.0,0.0,18.8,14.3,15.2,18.5,2.4,17.4,16.7,8.3,31.4,3.2,2.5
372,Taj Gibson,NYK,36,13,6,7,239.0,10.0,9.0,9.1,1.3,3.9,13.8,14.3,37.7,19.7,24.2,8.5,16.9,20.0,41.2,13.6,36.0,16.9,8.5
373,Anthony Gill,WAS,29,12,3,9,63.0,12.4,20.4,12.0,21.4,7.3,15.6,15.1,40.0,24.4,28.3,6.5,15.4,0.0,28.6,0.0,35.0,9.8,19.1
374,Charles Bassey,PHI,21,12,4,8,108.0,15.4,23.8,16.0,0.0,4.2,26.1,28.1,66.7,36.5,42.4,4.2,11.4,11.8,63.2,28.6,42.5,30.6,21.9
375,Chris Chiozza,GSW,26,12,10,2,136.0,13.0,11.2,14.0,20.0,19.0,2.4,1.8,19.4,11.9,13.6,28.6,18.8,24.0,0.0,33.3,29.4,10.4,11.3
376,Jarrett Culver,MEM,22,12,8,4,103.0,19.1,22.4,20.6,10.3,15.4,25.0,21.6,6.5,22.4,17.3,23.7,11.5,20.7,9.1,30.0,11.9,24.2,21.2
377,Nathan Knight,MIN,24,12,6,6,46.0,18.3,20.7,12.2,0.0,2.6,58.3,54.5,30.8,25.6,26.8,15.8,20.0,14.3,50.0,0.0,35.3,42.9,28.0
378,Robin Lopez,ORL,33,12,1,11,193.0,17.9,26.5,16.6,0.0,0.6,20.0,25.6,46.4,13.8,24.0,17.1,25.0,0.0,50.0,7.7,29.9,28.8,22.4
379,Saben Lee,DET,22,12,0,12,171.0,19.0,17.9,19.0,15.0,19.0,19.7,23.2,7.7,20.2,16.9,37.5,16.9,40.5,18.8,24.0,12.7,23.8,17.9
380,Bol Bol,DEN,22,11,4,7,51.0,12.5,19.4,16.5,0.0,5.6,6.7,15.8,14.3,30.8,26.4,16.0,0.0,12.5,66.7,0.0,14.3,5.9,14.6
381,Collin Sexton,CLE,22,11,7,4,316.0,26.4,27.0,27.3,19.0,24.3,30.2,31.2,19.4,10.1,12.2,14.6,25.0,20.8,0.0,44.4,25.3,35.2,26.7
382,De'Andre Hunter,ATL,24,11,3,8,306.0,17.8,18.3,19.2,22.1,21.5,4.3,8.3,5.4,12.3,10.5,4.5,18.4,20.0,12.0,16.7,26.9,15.8,16.8
383,Greg Brown III,POR,20,11,6,5,51.0,18.9,19.4,22.7,0.0,11.4,11.1,23.3,45.5,25.0,29.8,25.0,8.7,25.0,66.7,50.0,31.8,26.1,16.0
384,Jake Layman,MIN,27,11,6,5,53.0,12.9,10.8,15.2,20.0,18.4,0.0,5.7,6.7,19.6,16.4,4.5,11.8,8.3,16.7,16.7,12.5,4.3,9.1
385,Jock Landale,SAS,26,11,6,5,38.0,22.2,29.7,25.0,18.2,24.0,11.1,13.6,50.0,5.4,13.3,11.5,20.0,0.0,40.0,33.3,36.4,23.5,25.2
386,Kevin Pangos,CLE,28,11,9,2,46.0,14.3,13.8,13.2,14.3,13.5,25.0,25.0,14.3,4.0,6.3,41.2,17.4,25.0,0.0,25.0,19.2,33.3,14.5
387,Nic Claxton,BKN,22,11,8,3,204.0,14.5,20.3,14.5,0.0,0.0,12.3,19.3,37.8,22.5,25.4,5.2,14.8,14.8,38.5,24.0,25.8,25.9,16.9
388,Rodney McGruder,DET,30,11,0,11,84.0,14.0,15.6,15.5,10.0,14.3,5.6,4.2,31.6,16.9,20.5,18.4,14.8,0.0,11.1,21.4,20.8,5.4,13.0
389,Semi Ojeleye,MIL,27,11,5,6,218.0,10.4,7.6,11.5,9.4,13.9,6.1,6.6,38.9,12.6,19.5,4.5,8.3,13.3,29.4,22.2,25.4,7.8,7.7
390,Serge Ibaka,LAC,32,11,6,5,154.0,15.7,14.9,17.7,17.8,15.6,11.4,14.5,41.4,19.5,23.9,17.8,11.8,9.1,37.5,25.0,33.3,12.5,14.8
391,Aaron Wiggins,OKC,22,10,1,9,152.0,9.3,8.8,8.0,14.6,14.6,8.5,11.7,7.1,12.3,11.3,14.5,21.6,20.0,7.7,0.0,29.5,12.5,9.5
392,Day'Ron Sharpe,BKN,20,10,6,4,62.0,22.6,28.9,19.8,9.1,7.7,40.0,57.9,60.9,31.3,40.8,0.0,27.6,18.2,50.0,10.0,41.2,33.3,27.9
393,Ed Davis,CLE,32,10,6,4,96.0,7.9,12.9,7.4,0.0,0.0,5.3,14.3,23.8,39.7,36.0,2.4,7.9,15.4,75.0,14.3,27.3,16.7,10.0
394,Isaac Bonga,TOR,22,10,5,5,54.0,11.5,7.9,11.1,7.1,6.1,33.3,35.3,21.1,5.3,10.5,15.0,6.7,30.8,40.0,33.3,38.1,36.4,10.8
395,Kelly Olynyk,DET,30,10,2,8,229.0,23.2,24.6,23.7,25.5,22.8,25.0,29.9,26.5,29.9,29.0,21.1,20.3,28.6,28.0,27.8,27.8,36.2,24.8
396,Markieff Morris,MIA,32,10,7,3,187.0,19.0,18.9,20.4,15.7,17.9,8.5,7.0,28.9,10.6,15.0,13.5,21.4,12.5,16.7,5.9,31.9,11.4,17.2
397,Miles McBride,NYK,21,10,4,6,69.0,19.4,20.8,24.2,16.7,25.0,8.8,8.1,10.5,17.1,14.8,36.4,0.0,46.2,11.1,33.3,19.4,8.6,17.7
398,Petr Cornelie,DEN,26,10,2,8,31.0,19.8,16.0,21.0,0.0,18.9,14.3,20.0,75.0,27.3,40.0,16.7,25.0,0.0,25.0,100,55.6,18.2,13.0
399,Coby White,CHI,21,9,5,4,158.0,20.4,15.8,22.0,25.9,34.1,8.9,12.1,4.5,20.0,17.4,16.4,19.0,4.2,11.1,20.8,21.4,12.5,15.7
400,Frank Kaminsky,PHX,28,9,8,1,181.0,18.5,22.5,19.5,10.2,11.2,35.3,34.5,68.8,21.9,26.8,13.5,10.0,18.6,31.8,20.0,21.2,30.2,22.6
401,Georgios Kalaitzakis,MIL,22,9,7,2,48.0,17.1,17.2,15.3,16.7,12.1,33.3,45.0,44.4,13.8,21.1,0.0,14.3,100,33.3,0.0,29.6,35.3,19.5
402,Ish Wainright,PHX,27,9,7,2,51.0,18.2,12.8,21.7,25.0,34.4,0.0,5.6,35.3,14.6,20.7,13.0,18.8,42.9,0.0,16.7,38.2,8.0,10.7
403,Jabari Parker,BOS,26,9,3,6,84.0,18.2,21.5,17.5,26.3,13.4,20.5,18.6,18.2,29.1,26.0,9.3,23.8,23.1,16.7,18.2,28.9,10.8,21.8
404,Jalen Smith,PHX,21,9,7,2,76.0,20.0,18.3,22.0,6.7,19.3,27.0,25.6,44.4,29.9,32.9,5.1,12.1,25.0,66.7,14.3,20.9,23.7,19.2
405,Jericho Sims,NYK,23,9,4,5,58.0,5.0,7.7,2.9,0.0,0.0,10.7,10.8,27.3,25.0,25.4,4.5,15.4,25.0,50.0,0.0,23.5,15.4,7.4
406,Kai Jones,CHA,20,9,6,3,22.0,15.1,14.3,12.1,0.0,7.1,12.5,16.7,14.3,33.3,25.0,11.1,27.3,0.0,0.0,0.0,16.7,22.2,12.2
407,Michael Porter Jr.,DEN,23,9,5,4,265.0,19.2,15.5,21.6,18.2,27.6,10.0,11.7,20.5,23.6,23.0,12.1,12.9,23.8,8.7,18.2,18.2,10.3,15.3
408,Usman Garuba,HOU,19,9,1,8,64.0,12.1,10.3,13.0,20.0,20.9,3.2,4.8,42.9,35.4,37.1,18.9,18.2,22.2,57.1,25.0,26.1,7.7,9.6
409,Vlatko Cancar,DEN,24,9,5,4,75.0,13.8,15.3,13.8,14.8,6.8,17.9,17.1,8.3,18.2,16.1,18.2,18.2,11.1,16.7,33.3,33.3,22.2,15.6
410,Yuta Watanabe,TOR,27,9,5,4,174.0,13.7,12.0,14.7,26.7,26.7,14.3,16.9,15.2,25.0,22.2,15.1,5.0,12.5,26.1,11.8,15.4,18.2,14.0
411,Bruno Fernando,BOS,23,8,5,3,18.0,12.2,15.4,9.7,0.0,0.0,0.0,0.0,20.0,9.1,12.5,20.0,27.3,0.0,100,0.0,37.5,0.0,11.1
412,DeMarcus Cousins,MIL,31,8,5,3,102.0,19.2,13.7,17.8,10.7,19.8,26.2,26.0,30.0,35.2,33.7,18.0,24.2,25.0,16.7,37.5,40.0,30.2,15.4
413,Jahmi'us Ramsey,SAC,20,8,1,7,61.0,18.2,13.7,20.4,6.7,21.7,11.8,17.8,7.7,4.4,5.2,6.5,7.7,0.0,33.3,14.3,15.8,16.1,12.6
414,Javonte Smart,MIL,22,8,5,3,96.0,13.6,11.5,13.4,16.7,16.9,15.2,14.6,14.3,15.5,15.2,15.0,17.2,16.7,0.0,30.8,24.0,12.5,12.7
415,Jay Scrubb,LAC,21,8,3,5,52.0,23.9,24.4,28.6,36.4,41.2,4.5,6.1,0.0,10.5,8.0,13.8,16.7,14.3,28.6,0.0,13.6,13.6,22.0
416,Jose Alvarado,NOP,23,8,2,6,41.0,13.9,13.5,15.7,16.7,14.7,8.7,10.0,13.3,9.4,10.6,37.5,10.0,50.0,0.0,0.0,18.8,9.5,12.8
417,Joshua Primo,SAS,18,8,5,3,59.0,8.0,10.3,10.0,28.6,27.6,0.0,0.0,7.7,13.5,12.0,12.1,0.0,23.1,66.7,0.0,14.3,5.9,11.2
418,Kevin Knox II,NYK,22,8,2,6,71.0,18.9,21.3,20.6,36.4,26.8,17.2,22.2,31.3,22.0,24.6,9.1,11.1,14.3,0.0,14.3,8.3,14.8,22.8
419,Matt Thomas,CHI,27,8,6,2,49.0,16.7,12.8,22.4,15.4,27.3,0.0,0.0,0.0,12.5,10.2,0.0,0.0,50.0,20.0,66.7,16.7,0.0,11.8
420,Tacko Fall,CLE,26,8,3,5,25.0,12.9,10.0,11.9,0.0,0.0,33.3,55.6,20.0,25.0,23.8,0.0,9.1,0.0,100,100,11.1,50.0,9.8
421,Trendon Watford,POR,21,8,2,6,40.0,17.5,23.3,19.1,0.0,0.0,9.5,10.3,33.3,28.6,30.0,25.0,27.3,20.0,60.0,0.0,13.3,21.1,16.8
422,Isaiah Jackson,IND,19,7,3,4,36.0,19.5,20.8,23.7,0.0,0.0,9.1,13.3,50.0,24.1,29.7,0.0,9.1,20.0,33.3,50.0,60.0,15.4,16.9
423,JT Thor,CHA,19,7,4,3,95.0,11.8,9.9,13.4,12.5,20.3,9.1,14.0,22.2,14.5,16.4,12.8,6.9,23.5,20.0,20.0,29.3,20.9,10.0
424,Jalen Johnson,ATL,20,7,5,2,19.0,22.4,38.5,32.3,40.0,28.6,22.2,18.2,0.0,38.5,35.7,0.0,0.0,0.0,0.0,33.3,0.0,14.3,35.0
425,Marcus Garrett,MIA,23,7,7,0,34.0,7.5,0.0,7.5,0.0,0.0,0.0,8.3,37.5,19.2,23.5,21.1,10.0,20.0,33.3,50.0,31.3,5.9,0.0
426,Sharife Cooper,ATL,20,7,6,1,18.0,25.0,18.2,28.6,0.0,15.4,0.0,0.0,0.0,9.1,9.1,44.4,33.3,0.0,0.0,60.0,14.3,0.0,13.8
427,Skylar Mays,ATL,24,7,5,2,19.0,18.4,30.8,16.1,20.0,14.3,55.6,45.5,0.0,15.4,14.3,8.3,25.0,0.0,0.0,0.0,40.0,57.1,35.0
428,Davon Reed,DEN,26,6,4,2,99.0,9.8,9.7,10.7,10.3,10.0,6.7,5.9,15.4,26.3,24.7,17.8,8.0,34.6,12.5,11.1,17.9,3.2,9.4
429,Elijah Hughes,UTA,23,6,5,1,17.0,10.5,0.0,10.5,0.0,7.1,25.0,22.2,0.0,7.1,6.7,0.0,9.1,0.0,0.0,0.0,16.7,25.0,7.1
430,Gabriel Deck,OKC,26,6,2,4,45.0,12.4,17.6,14.8,7.7,8.3,0.0,0.0,10.0,11.4,11.1,15.0,12.5,25.0,0.0,0.0,18.2,0.0,13.1
431,Sam Merrill,MEM,25,6,2,4,58.0,17.8,17.8,18.9,41.2,35.4,11.8,17.4,4.3,17.1,12.1,13.8,16.7,0.0,0.0,0.0,15.0,22.7,20.2
432,Chandler Hutchison,PHX,25,5,3,2,14.0,15.0,8.3,8.3,0.0,0.0,20.0,15.4,0.0,35.7,27.8,12.5,42.9,0.0,0.0,0.0,14.3,12.5,10.8
433,Devon Dotson,CHI,22,5,2,3,48.0,15.2,17.2,15.8,8.3,13.5,25.0,28.6,11.1,17.9,16.2,21.1,5.9,0.0,0.0,9.1,27.8,19.2,17.8
434,Goran Dragic,TOR,35,5,1,4,90.0,17.2,20.6,20.4,20.0,20.6,29.4,21.3,6.7,21.8,16.5,25.7,3.1,20.8,14.3,11.8,18.2,19.5,22.2
435,Isaiah Todd,WAS,20,5,0,5,14.0,41.4,50.0,47.6,80.0,53.8,12.5,20.0,50.0,10.0,16.7,0.0,33.3,100,33.3,0.0,50.0,16.7,44.8
436,Joel Ayayi,WAS,21,5,0,5,13.0,0.0,0.0,0.0,0.0,0.0,0.0,0.0,0.0,22.2,18.2,42.9,0.0,0.0,0.0,0.0,0.0,25.0,0.0
437,Keon Johnson,LAC,19,5,2,3,23.0,19.3,9.5,17.1,0.0,7.1,31.3,30.0,16.7,11.1,12.5,12.5,20.0,33.3,0.0,0.0,44.4,30.8,14.5
438,Patrick Williams,CHI,20,5,4,1,125.0,9.3,12.4,10.0,11.1,7.8,10.8,9.5,7.1,11.5,10.9,4.3,6.7,12.0,16.7,18.2,25.0,7.7,12.0
439,Paul Watson,OKC,26,5,1,4,78.0,10.3,3.5,10.6,11.8,21.3,4.0,5.7,11.8,18.9,17.1,10.7,11.1,8.3,25.0,8.3,17.2,3.8,4.5
440,Udonis Haslem,MIA,41,5,4,1,23.0,9.8,15.8,13.3,0.0,5.9,0.0,0.0,14.3,29.4,25.0,9.1,0.0,0.0,50.0,50.0,41.7,9.1,12.8
441,Brodric Thomas,BOS,24,4,2,2,8.0,14.3,0.0,7.7,0.0,14.3,0.0,0.0,50.0,0.0,11.1,0.0,28.6,0.0,0.0,0.0,0.0,0.0,0.0
442,David Duke Jr.,BKN,22,4,3,1,101.0,14.6,11.1,16.4,3.8,13.5,8.5,8.9,27.8,16.0,19.8,12.2,7.1,36.4,25.0,40.0,26.7,10.0,9.9
443,Eugene Omoruyi,DAL,24,4,1,3,18.0,15.6,14.3,18.5,50.0,22.2,20.0,22.2,40.0,38.5,38.9,25.0,0.0,0.0,0.0,0.0,40.0,14.3,17.5
444,Kessler Edwards,BKN,21,4,3,1,88.0,14.2,17.5,15.8,26.1,20.3,0.0,0.0,23.3,17.1,18.9,10.5,12.1,23.1,0.0,0.0,14.3,0.0,16.6
445,Louis King,SAC,22,4,1,3,52.0,19.5,17.9,22.0,36.4,33.3,27.3,22.6,0.0,20.0,15.6,5.6,0.0,28.6,0.0,10.0,33.3,22.7,21.6
446,Malik Fitts,UTA,24,4,4,0,10.0,4.2,0.0,7.7,0.0,0.0,0.0,0.0,0.0,21.4,21.4,0.0,0.0,0.0,0.0,100,0.0,0.0,0.0
447,Udoka Azubuike,UTA,22,4,3,1,8.0,11.8,25.0,9.1,0.0,0.0,0.0,0.0,50.0,42.9,44.4,0.0,25.0,0.0,0.0,0.0,0.0,0.0,20.0
448,Wesley Matthews,MIL,35,4,3,1,56.0,9.6,8.7,11.8,11.1,17.8,0.0,4.0,7.1,9.3,8.8,4.0,9.1,20.0,12.5,20.0,19.4,14.3,6.7
449,Yves Pons,MEM,22,4,3,1,14.0,8.8,12.5,12.5,50.0,12.5,0.0,0.0,20.0,15.4,16.7,0.0,0.0,0.0,0.0,50.0,11.1,0.0,15.8
450,Duane Washington Jr.,IND,21,3,2,1,7.0,22.2,40.0,33.3,50.0,50.0,0.0,0.0,0.0,50.0,25.0,0.0,0.0,0.0,0.0,0.0,0.0,0.0,38.5
451,Jamorko Pickett,DET,23,3,0,3,9.0,10.5,16.7,7.7,50.0,14.3,0.0,0.0,0.0,0.0,0.0,0.0,33.3,0.0,0.0,0.0,0.0,0.0,17.6
452,Jeff Dowtin,GSW,24,3,3,0,10.0,17.4,20.0,23.5,0.0,0.0,0.0,0.0,0.0,22.2,22.2,0.0,0.0,0.0,0.0,0.0,25.0,0.0,15.4
453,Joe Wieskamp,SAS,22,3,2,1,8.0,6.3,14.3,8.3,50.0,50.0,0.0,0.0,0.0,0.0,0.0,0.0,0.0,0.0,0.0,0.0,100,0.0,15.0
454,Keljin Blevins,POR,26,3,1,2,14.0,16.7,18.2,16.7,50.0,37.5,0.0,0.0,0.0,14.3,10.0,20.0,33.3,0.0,0.0,0.0,0.0,0.0,18.8
455,Marko Simonovic,CHI,22,3,1,2,12.0,27.6,0.0,23.8,0.0,23.1,50.0,40.0,50.0,10.0,16.7,0.0,100,0.0,0.0,25.0,0.0,37.5,13.6
456,Sam Hauser,BOS,24,3,3,0,7.0,15.0,33.3,27.3,100,42.9,0.0,0.0,0.0,50.0,33.3,0.0,0.0,50.0,0.0,0.0,20.0,0.0,42.9
457,Vit Krejci,OKC,21,3,1,2,9.0,15.4,0.0,10.0,0.0,20.0,100,50.0,0.0,42.9,30.0,0.0,33.3,0.0,0.0,0.0,0.0,33.3,13.3
458,Cassius Winston,WAS,23,2,0,2,7.0,26.7,0.0,20.0,0.0,28.6,40.0,33.3,0.0,0.0,0.0,50.0,50.0,0.0,0.0,0.0,0.0,33.3,13.3
459,David Johnson,TOR,20,2,2,0,2.0,14.3,0.0,25.0,0.0,100,0.0,0.0,0.0,0.0,0.0,0.0,0.0,0.0,0.0,0.0,0.0,0.0,0.0
460,Didi Louzada,NOP,22,2,0,2,7.0,18.8,0.0,20.0,0.0,33.3,0.0,0.0,100,0.0,40.0,25.0,0.0,0.0,0.0,0.0,0.0,0.0,0.0
461,JaQuori McLaughlin,DAL,23,2,1,1,5.0,6.7,0.0,11.1,0.0,0.0,0.0,0.0,0.0,0.0,0.0,50.0,0.0,0.0,0.0,0.0,0.0,0.0,0.0
462,Jay Huff,LAL,24,2,0,2,13.0,3.1,0.0,4.0,0.0,6.7,0.0,0.0,50.0,5.9,10.5,16.7,0.0,25.0,0.0,0.0,20.0,0.0,0.0
463,RJ Nembhard Jr.,CLE,22,2,0,2,3.0,11.1,50.0,16.7,0.0,0.0,0.0,0.0,0.0,50.0,33.3,100,0.0,0.0,0.0,0.0,0.0,0.0,33.3
464,Robert Woodard II,SAC,22,2,0,2,5.0,11.1,0.0,0.0,0.0,0.0,28.6,22.2,0.0,0.0,0.0,0.0,50.0,0.0,0.0,0.0,0.0,28.6,16.7
465,Scottie Lewis,CHA,21,2,1,1,7.0,5.9,0.0,0.0,0.0,0.0,25.0,33.3,0.0,0.0,0.0,33.3,0.0,25.0,0.0,0.0,0.0,25.0,6.7
466,Sekou Doumbouya,LAL,20,2,0,2,16.0,28.6,35.7,25.0,20.0,11.8,50.0,57.1,40.0,20.0,24.0,0.0,28.6,60.0,66.7,50.0,25.0,37.5,35.9
467,Tyler Cook,CHI,24,2,0,2,17.0,15.4,13.3,14.3,0.0,0.0,28.6,20.0,0.0,28.6,20.0,33.3,16.7,0.0,0.0,50.0,12.5,14.3,14.3
468,Vernon Carey Jr.,CHA,20,2,2,0,12.0,21.2,27.3,23.1,0.0,0.0,100,100,40.0,12.5,23.1,0.0,33.3,50.0,0.0,0.0,20.0,50.0,29.2
469,Aaron Henry,PHI,22,1,1,0,2.0,14.3,0.0,20.0,0.0,50.0,0.0,0.0,0.0,0.0,0.0,0.0,0.0,0.0,0.0,0.0,0.0,0.0,0.0
470,Admiral Schofield,ORL,24,1,0,1,12.0,11.5,10.0,14.3,0.0,0.0,0.0,0.0,0.0,0.0,0.0,14.3,0.0,0.0,0.0,100,16.7,0.0,7.7
471,Aleem Ford,ORL,23,1,0,1,7.0,18.8,14.3,25.0,0.0,50.0,0.0,0.0,0.0,0.0,0.0,0.0,0.0,33.3,0.0,0.0,0.0,0.0,10.0
472,Alfonzo McKinnie,CHI,29,1,0,1,29.0,10.4,14.3,12.8,22.2,13.0,0.0,0.0,0.0,0.0,0.0,10.0,9.1,0.0,33.3,0.0,22.2,6.3,12.5
473,Arnoldas Kulboka,CHA,23,1,1,0,3.0,0.0,0.0,0.0,0.0,0.0,0.0,0.0,0.0,0.0,0.0,0.0,0.0,0.0,0.0,0.0,0.0,0.0,0.0
474,BJ Johnson,ORL,25,1,0,1,20.0,10.6,11.1,12.5,14.3,12.5,0.0,0.0,66.7,20.0,30.8,0.0,0.0,0.0,50.0,0.0,44.4,0.0,11.6
475,Brook Lopez,MIL,33,1,1,0,28.0,12.9,11.1,14.5,28.6,16.7,0.0,0.0,18.2,15.0,16.1,0.0,0.0,50.0,50.0,40.0,23.1,0.0,11.8
476,Chaundee Brown Jr.,LAL,23,1,0,1,15.0,16.7,0.0,23.1,0.0,21.4,0.0,0.0,0.0,6.7,6.3,0.0,0.0,0.0,0.0,50.0,0.0,0.0,0.0
477,Daishen Nix,HOU,19,1,1,0,2.0,0.0,0.0,0.0,0.0,0.0,0.0,0.0,0.0,0.0,0.0,100,0.0,0.0,0.0,0.0,0.0,0.0,0.0
478,DeJon Jarreau,IND,23,1,0,1,1.0,0.0,0.0,0.0,0.0,0.0,0.0,0.0,0.0,0.0,0.0,0.0,0.0,0.0,0.0,0.0,0.0,0.0,0.0
479,Devontae Cacok,SAS,25,1,1,0,2.0,33.3,50.0,33.3,0.0,0.0,0.0,0.0,100,100,100,100,0.0,0.0,0.0,0.0,0.0,0.0,50.0
480,Gary Clark,NOP,27,1,1,0,3.0,0.0,0.0,0.0,0.0,0.0,0.0,0.0,0.0,0.0,0.0,0.0,0.0,0.0,0.0,0.0,0.0,0.0,0.0
481,Hassani Gravett,ORL,25,1,0,1,24.0,13.2,11.1,11.6,25.0,22.2,0.0,0.0,0.0,13.3,10.5,25.0,28.6,0.0,0.0,50.0,36.4,20.0,13.0
482,Isaiah Livers,DET,23,1,0,1,5.0,27.3,0.0,22.2,0.0,50.0,0.0,0.0,0.0,0.0,0.0,0.0,100,33.3,100,0.0,33.3,0.0,0.0
483,Isaiah Thomas,LAL,32,1,0,1,22.0,34.6,33.3,31.6,25.0,27.3,50.0,52.9,0.0,13.3,13.3,7.7,28.6,0.0,100,25.0,10.0,33.3,36.5
484,Jaden Springer,PHI,19,1,1,0,2.0,0.0,0.0,0.0,0.0,0.0,0.0,0.0,0.0,0.0,0.0,0.0,0.0,0.0,0.0,0.0,0.0,0.0,0.0
485,Langston Galloway,BKN,30,1,1,0,9.0,13.0,16.7,11.8,50.0,33.3,0.0,0.0,0.0,12.5,8.3,0.0,20.0,0.0,0.0,0.0,0.0,60.0,21.4
486,McKinley Wright IV,MIN,23,1,1,0,4.0,18.2,33.3,14.3,100,50.0,0.0,0.0,0.0,0.0,0.0,0.0,50.0,0.0,0.0,0.0,0.0,0.0,33.3
487,Neemias Queta,SAC,22,1,0,1,8.0,17.4,0.0,25.0,0.0,0.0,0.0,0.0,60.0,33.3,45.5,100,0.0,0.0,50.0,0.0,50.0,16.7,0.0
488,Onyeka Okongwu,ATL,21,1,0,1,14.0,18.2,40.0,21.1,0.0,0.0,22.2,20.0,0.0,33.3,28.6,0.0,12.5,100,0.0,0.0,50.0,16.7,32.3
489,Sam Dekker,TOR,27,1,1,0,1.0,0.0,0.0,0.0,0.0,0.0,0.0,0.0,0.0,0.0,0.0,0.0,0.0,0.0,0.0,0.0,0.0,0.0,0.0
490,Wayne Selden,NYK,27,1,1,0,1.0,0.0,0.0,0.0,0.0,0.0,0.0,0.0,0.0,0.0,0.0,0.0,0.0,0.0,0.0,0.0,0.0,0.0,0.0
